DATA;ANO;MÊS;LOCAL;STATUS FABRICAÇÃO;CATEGORIA;MARCA;EMBALAGEM;TAMANHO;CÓDIGO;CONCAT;PRODUTO;NÚMERO DE CAMPANHA/MÊS;LEAD DE FABRICAÇÃO;CURVA ABC;COTA PR;CONSUMO/DIA;ESTOQUE SEGURANÇA (2 dias);PONTO DE REPOSIÇÃO;ESTOQUE MÁXIMO;LOTE DE PRODUÇÃO;ESTOQUE ATUAL;SUGESTÃO DE PRODUÇÃO;PRODUÇÃO DIA;PLANO PRODUÇÃO;KAMBAN ATUAL;COBERTURA ATUAL;COBERTURA PLANEJADA;KAMBAN FUTURO
08/02/2025;2025;FEV;PL01;FABRICA;ENERGETICO;TURBOX;PET;2LT;2588139986;PL012588139986;ITEM 1;2;15;A;42.944;1.952;3.905;33.185;58.562;45.785;12.777;45.785;0;583.802;VERDE;7;306;VERDE
08/02/2025;2025;FEV;PL01;FABRICA;ENERGETICO;TURBOX;PET;2LT;9797309114;PL019797309114;ITEM 2;2;15;;4.821;219;439;3.726;6.573;4.279;2.294;4.279;0;;VERDE;10;10;AMARELO
08/02/2025;2025;FEV;PL01;FABRICA;ENERGETICO;TURBOX;PET;2LT;2707536455;PL012707536455;ITEM 3;2;15;;1.721;78;156;1.330;2.347;1.630;717;1.630;5.457;1.142;VERDE;79;24;VERMELHO
08/02/2025;2025;FEV;PL01;FABRICA;ENERGETICO;TURBOX;PET;2LT;7815188447;PL017815188447;ITEM 4;2;15;A;8.399;381;764;6.489;11.453;8.955;2.498;8.955;0;;AMARELO;7;7;VERDE
08/02/2025;2025;FEV;PL01;FABRICA;ENERGETICO;TURBOX;PET;2LT;3940557616;PL013940557616;ITEM 5;2;15;;3.078;140;280;2.378;4.197;2.732;1.465;2.732;0;407.975;VERDE;10;2.927;AMARELO
08/02/2025;2025;FEV;PL01;SOB PEDIDO;ENERGETICO;POTENTAO;PET;2LT;9716897684;PL019716897684;ITEM 6;1;30;;1.463;66;132;2.129;2.994;2.384;609;2.384;0;;AMARELO;9;9;VERMELHO
08/02/2025;2025;FEV;PL01;FABRICA;REFRIGERNTE;SODALINE;PET;2LT;7978809320;PL017978809320;ITEM 7;2;15;;8.579;390;780;6.629;11.698;9.146;2.552;9.146;0;;AMARELO;7;7;VERMELHO
08/02/2025;2025;FEV;PL01;FABRICA;REFRIGERNTE;SODALINE;PET;2LT;9196727317;PL019196727317;ITEM 8;2;15;A;58.735;2.670;5.339;45.387;80.093;52.135;27.958;52.135;0;;AMARELO;10;10;VERDE
08/02/2025;2025;FEV;PL01;REVENDE;REFRIGERNTE;SODALINE;PET;2LT;8848648876;PL018848648876;ITEM 9;1;30;;9.578;435;870;13.931;19.591;15.603;3.990;15.603;0;;AMARELO;9;9;VERDE
08/02/2025;2025;FEV;PL01;REVENDE;REFRIGERNTE;SODALINE;PET;2LT;7344002978;PL017344002978;ITEM 10;1;30;;1.836;83;167;2.671;3.757;3.210;547;3.210;0;;VERMELHO;7;7;VERMELHO
08/02/2025;2025;FEV;PL01;FABRICA;REFRIGERNTE;SODALINE;PET;2LT;8534778768;PL018534778768;ITEM 11;2;15;A;26.418;1.201;2.401;20.414;36.023;23.449;12.575;23.449;0;;VERDE;10;10;VERDE
08/02/2025;2025;FEV;PL01;REVENDE;REFRIGERNTE;SODALINE;PET;2LT;1457178472;PL011457178472;ITEM 12;1;30;;2.639;120;240;3.839;5.399;4.299;1.100;4.299;0;;VERMELHO;9;9;AMARELO
08/02/2025;2025;FEV;PL01;FABRICA;REFRIGERNTE;SODALINE;PET;2LT;7714751362;PL017714751362;ITEM 13;2;15;;25.653;1.166;2.333;19.822;34.981;27.350;7.631;27.350;0;;VERMELHO;7;7;AMARELO
08/02/2025;2025;FEV;PL01;FABRICA;REFRIGERNTE;SODALINE;PET;2LT;8010798193;PL018010798193;ITEM 14;2;15;;14.061;639;1.278;10.866;19.174;12.481;6.693;12.481;0;;VERDE;10;10;AMARELO
08/02/2025;2025;FEV;PL01;REVENDE;REFRIGERNTE;SODALINE;PET;2LT;4190845205;PL014190845205;ITEM 15;2;15;;6.715;305;610;5.188;9.156;6.360;2.796;6.360;0;;VERMELHO;9;9;AMARELO
08/02/2025;2025;FEV;PL01;FABRICA;REFRIGERNTE;DOCELIM;PET;2LT;8283792984;PL018283792984;ITEM 16;2;15;;19.942;906;1.813;15.409;27.194;21.261;5.933;21.261;0;;AMARELO;7;7;VERDE
08/02/2025;2025;FEV;PL01;FABRICA;REFRIGERNTE;DOCELIM;PET;2LT;2622948662;PL012622948662;ITEM 17;2;15;;4.836;220;439;3.737;6.594;4.292;2.302;4.292;0;;VERDE;10;10;AMARELO
08/02/2025;2025;FEV;PL01;SOB PEDIDO;REFRIGERNTE;MACIEZ;PET;2LT;9360161055;PL019360161055;ITEM 18;1;30;;4.057;184;369;5.902;8.300;6.610;1.690;6.610;0;;VERMELHO;9;9;VERDE
08/02/2025;2025;FEV;PL01;SOB PEDIDO;REFRIGERNTE;MACIEZ;PET;2LT;1087547517;PL011087547517;ITEM 19;1;30;;3.190;145;289;4.639;6.524;5.575;949;5.575;0;;VERDE;7;7;VERMELHO
08/02/2025;2025;FEV;PL01;SOB PEDIDO;REFRIGERNTE;SODASHOW;PET;2LT;8992298369;PL018992298369;ITEM 20;1;30;;8.301;377;755;12.076;16.981;13.029;3.952;13.029;0;;VERMELHO;10;10;AMARELO
08/02/2025;2025;FEV;PL01;SOB PEDIDO;REFRIGERNTE;SODASHOW;PET;2LT;6793186032;PL016793186032;ITEM 21;1;30;;1.852;84;169;2.693;3.788;3.017;771;3.017;0;;VERDE;9;9;AMARELO
08/02/2025;2025;FEV;PL01;NÃO FABRICA;REFRIGERNTE;SODALINE;PET;250 ML;1807370283;PL011807370283;ITEM 22;1;30;;0;0;0;0;0;0;0;0;0;;AMARELO;;;AMARELO
08/02/2025;2025;FEV;PL01;FABRICA;REFRIGERNTE;SODALINE;PET;200 ML;9222646861;PL019222646861;ITEM 23;2;15;;9.838;447;895;7.603;13.416;8.733;4.683;8.733;0;;AMARELO;10;10;VERMELHO
08/02/2025;2025;FEV;PL01;FABRICA;REFRIGERNTE;SODALINE;PET;200 ML;7425247764;PL017425247764;ITEM 24;2;15;A;69.176;3.145;6.289;53.455;94.333;65.520;28.812;65.520;0;;AMARELO;9;9;AMARELO
08/02/2025;2025;FEV;PL01;FABRICA;REFRIGERNTE;SODALINE;PET;200 ML;8258771884;PL018258771884;ITEM 25;2;15;;6.482;295;589;5.010;8.840;6.911;1.929;6.911;0;;AMARELO;7;7;VERDE
08/02/2025;2025;FEV;PL01;FABRICA;REFRIGERNTE;SODALINE;PET;200 ML;2330175682;PL012330175682;ITEM 26;2;15;A;24.160;1.098;2.196;18.669;32.945;21.445;11.500;21.445;0;;AMARELO;10;10;AMARELO
08/02/2025;2025;FEV;PL01;FABRICA;REFRIGERNTE;SODALINE;PET;200 ML;1525898319;PL011525898319;ITEM 27;2;15;;7.730;352;702;5.973;10.541;7.320;3.219;7.320;0;;AMARELO;9;9;VERDE
08/02/2025;2025;FEV;PL01;FABRICA;REFRIGERNTE;SODALINE;PET;200 ML;5893949482;PL015893949482;ITEM 28;2;15;;49.326;2.242;4.485;38.116;67.262;52.589;14.675;52.589;0;;AMARELO;7;7;AMARELO
08/02/2025;2025;FEV;PL01;FABRICA;REFRIGERNTE;SODALINE;PET;200 ML;2416210521;PL012416210521;ITEM 29;2;15;;15.442;702;1.403;11.933;21.058;13.708;7.350;13.708;0;;VERDE;10;10;VERMELHO
08/02/2025;2025;FEV;PL01;FABRICA;REFRIGERNTE;TAHITI;PET;250 ML;9549145244;PL019549145244;ITEM 30;1;30;;1.859;85;169;2.704;3.802;3.028;774;3.028;0;;VERDE;9;9;AMARELO
08/02/2025;2025;FEV;PL01;FABRICA;ENERGETICO;TURBOX;PET;250 ML;2064600130;PL012064600130;ITEM 31;2;15;;94.624;4.302;8.602;73.119;129.033;100.882;28.151;100.882;0;;AMARELO;7;7;VERMELHO
08/02/2025;2025;FEV;PL01;FABRICA;ENERGETICO;TURBOX;PET;250 ML;5118955799;PL015118955799;ITEM 32;2;15;;7.349;334;668;5.679;10.022;6.523;3.499;6.523;0;;VERDE;10;10;AMARELO
08/02/2025;2025;FEV;PL01;FABRICA;ENERGETICO;TURBOX;PET;250 ML;1659397615;PL011659397615;ITEM 33;2;15;;2.706;123;246;2.091;3.690;2.563;1.127;2.563;0;;VERMELHO;9;9;VERDE
08/02/2025;2025;FEV;PL01;FABRICA;ENERGETICO;TURBOX;PET;250 ML;9464506045;PL019464506045;ITEM 34;2;15;;4.943;225;449;3.819;6.741;5.271;1.470;5.271;0;;VERMELHO;7;7;AMARELO
08/02/2025;2025;FEV;PL01;FABRICA;ENERGETICO;TURBOX;PET;250 ML;5146590853;PL015146590853;ITEM 35;2;15;;6.494;295;591;5.017;8.855;5.764;3.091;5.764;0;;VERMELHO;10;10;VERDE
08/02/2025;2025;FEV;PL01;FABRICA;ENERGETICO;TURBOX;PET;250 ML;9012911028;PL019012911028;ITEM 36;2;15;;2.875;131;261;2.222;3.920;2.723;1.197;2.723;0;;AMARELO;9;9;VERMELHO
08/02/2025;2025;FEV;PL01;FABRICA;ENERGETICO;TURBOX;PET;250 ML;6940692566;PL016940692566;ITEM 37;2;15;;2.832;129;257;2.188;3.861;3.019;842;3.019;0;;AMARELO;7;7;AMARELO
08/02/2025;2025;FEV;PL01;FABRICA;QUENTE;BRUSK;PET;270 ML;7363228088;PL017363228088;ITEM 38;1;30;;3.959;180;359;5.758;8.097;6.212;1.884;6.212;0;;AMARELO;10;10;AMARELO
08/02/2025;2025;FEV;PL01;FABRICA;QUENTE;BRUSK;PET;270 ML;7423004876;PL017423004876;ITEM 39;1;30;;3.983;181;362;5.794;8.148;6.488;1.659;6.488;0;;AMARELO;9;9;AMARELO
08/02/2025;2025;FEV;PL01;FABRICA;QUENTE;BRUSK;PET;270 ML;5529128084;PL015529128084;ITEM 40;1;30;;3.177;145;289;4.621;6.499;5.553;945;5.553;0;;VERMELHO;7;7;VERDE
08/02/2025;2025;FEV;PL01;NÃO FABRICA;REFRIGERNTE;SODALINE;PET;2,5 LT;6850037038;PL016850037038;ITEM 41;1;30;;0;0;0;0;0;0;0;0;0;;VERMELHO;;;VERMELHO
08/02/2025;2025;FEV;PL01;NÃO FABRICA;REFRIGERNTE;SODALINE;PET;2,5 LT;3653845355;PL013653845355;ITEM 42;1;30;;0;0;0;0;0;0;0;0;0;;VERMELHO;;;VERMELHO
08/02/2025;2025;FEV;PL01;NÃO FABRICA;REFRIGERNTE;SODALINE;PET;2,5 LT;8787943262;PL018787943262;ITEM 43;1;30;;0;0;0;0;0;0;0;0;0;;VERMELHO;;;AMARELO
08/02/2025;2025;FEV;PL01;REVENDE;REFRIGERNTE;SODALINE;PET;3 LT;8058602145;PL018058602145;ITEM 44;1;30;;1.902;87;172;2.767;3.891;2.985;905;2.985;0;;VERDE;10;10;AMARELO
08/02/2025;2025;FEV;PL01;REVENDE;REFRIGERNTE;SODALINE;PET;3 LT;9421083949;PL019421083949;ITEM 45;1;30;;1.852;85;168;2.694;3.788;3.018;772;3.018;0;;VERMELHO;9;9;AMARELO
08/02/2025;2025;FEV;PL01;REVENDE;REFRIGERNTE;SODALINE;PET;3 LT;1668828112;PL011668828112;ITEM 46;1;30;;2.159;98;197;3.140;4.416;3.774;643;3.774;0;;VERDE;7;7;VERDE
08/02/2025;2025;FEV;PL01;FABRICA;REFRIGERNTE;SODALINE;PET;500 ML;7584409324;PL017584409324;ITEM 47;1;30;;3.049;139;278;4.435;6.237;4.786;1.452;4.786;0;;VERDE;10;10;VERMELHO
08/02/2025;2025;FEV;PL01;FABRICA;REFRIGERNTE;SODALINE;PET;500 ML;5845263097;PL015845263097;ITEM 48;1;30;;1.050;47;96;1.527;2.149;1.711;437;1.711;0;;VERDE;9;9;AMARELO
08/02/2025;2025;FEV;PL01;FABRICA;REFRIGERNTE;SODALINE;PET;500 ML;7582802582;PL017582802582;ITEM 49;1;30;;1.241;56;113;1.806;2.540;2.171;369;2.171;0;;AMARELO;7;7;VERMELHO
08/02/2025;2025;FEV;PL01;FABRICA;REFRIGERNTE;SODALINE;PET;500 ML;3018051543;PL013018051543;ITEM 50;1;30;;1.303;59;119;1.895;2.664;2.045;620;2.045;0;;VERDE;10;10;VERDE
08/02/2025;2025;FEV;PL01;REVENDE;ENERGETICO;TURBOX;PET;1 LT;9299321571;PL019299321571;ITEM 51;1;30;;406;19;36;589;829;661;169;661;0;;VERDE;9;9;VERDE
08/02/2025;2025;FEV;PL01;REVENDE;ENERGETICO;TURBOX;LATA;473 ML;2649415771;PL012649415771;ITEM 52;1;30;A;15.793;718;1.435;22.971;32.304;27.605;4.698;27.605;0;;VERMELHO;7;7;AMARELO
08/02/2025;2025;FEV;PL01;REVENDE;ENERGETICO;TURBOX;LATA;473 ML;9835795111;PL019835795111;ITEM 53;1;30;;3.419;156;310;4.971;6.992;5.364;1.628;5.364;0;;AMARELO;10;10;VERMELHO
08/02/2025;2025;FEV;PL01;REVENDE;ENERGETICO;TURBOX;LATA;473 ML;8443256885;PL018443256885;ITEM 54;1;30;;4.859;221;441;7.068;9.938;7.915;2.024;7.915;0;;VERDE;9;9;VERMELHO
08/02/2025;2025;FEV;PL01;REVENDE;ENERGETICO;TURBOX;LATA;473 ML;6765237355;PL016765237355;ITEM 55;1;30;;3.011;137;274;4.379;6.158;5.262;896;5.262;0;;AMARELO;7;7;AMARELO
08/02/2025;2025;FEV;PL01;REVENDE;ENERGETICO;TURBOX;LATA;473 ML;7963279264;PL017963279264;ITEM 56;1;30;A;2.759;125;251;4.013;5.643;4.330;1.313;4.330;0;;AMARELO;10;10;VERDE
08/02/2025;2025;FEV;PL01;REVENDE;ENERGETICO;TURBOX;LATA;473 ML;6154742843;PL016154742843;ITEM 57;1;30;A;9.990;454;908;14.532;20.435;16.275;4.161;16.275;0;;VERMELHO;9;9;AMARELO
08/02/2025;2025;FEV;PL01;REVENDE;ENERGETICO;TURBOX;LATA;473 ML;6281449766;PL016281449766;ITEM 58;1;30;;3.101;141;282;4.511;6.343;5.421;923;5.421;0;;AMARELO;7;7;AMARELO
08/02/2025;2025;FEV;PL01;REVENDE;ENERGETICO;TURBOX;LATA;473 ML;1856517883;PL011856517883;ITEM 59;1;30;;5.862;267;534;8.528;11.990;9.201;2.791;9.201;0;;VERDE;10;10;AMARELO
08/02/2025;2025;FEV;PL01;REVENDE;ENERGETICO;TURBOX;LATA;473 ML;7550620484;PL017550620484;ITEM 60;1;30;;5.921;269;538;8.612;12.111;9.645;2.466;9.645;0;;AMARELO;9;9;AMARELO
08/02/2025;2025;FEV;PL01;REVENDE;ENERGETICO;TURBOX;LATA;269 ML;3599677500;PL013599677500;ITEM 61;1;30;;1.757;80;160;2.556;3.593;3.070;523;3.070;0;;VERDE;7;7;AMARELO
08/02/2025;2025;FEV;PL01;REVENDE;ENERGETICO;TURBOX;LATA;269 ML;4145037849;PL014145037849;ITEM 62;1;30;;186;9;16;270;379;291;88;291;0;;AMARELO;10;10;AMARELO
08/02/2025;2025;FEV;PL01;REVENDE;ENERGETICO;TURBOX;LATA;269 ML;6183801253;PL016183801253;ITEM 63;1;30;;291;13;26;423;595;473;121;473;0;;VERDE;9;9;VERDE
08/02/2025;2025;FEV;PL01;REVENDE;ENERGETICO;TURBOX;LATA;269 ML;8392419689;PL018392419689;ITEM 64;1;30;;462;21;42;673;945;807;138;807;0;;AMARELO;7;7;AMARELO
08/02/2025;2025;FEV;PL01;REVENDE;ENERGETICO;TURBOX;LATA;269 ML;9210460288;PL019210460288;ITEM 65;1;30;;306;14;27;446;628;481;146;481;0;;AMARELO;10;10;VERMELHO
08/02/2025;2025;FEV;PL01;REVENDE;ENERGETICO;TURBOX;LATA;269 ML;4755559747;PL014755559747;ITEM 66;1;30;;715;32;66;1.040;1.463;1.165;298;1.165;0;;VERMELHO;9;9;VERDE
08/02/2025;2025;FEV;PL01;REVENDE;ENERGETICO;TURBOX;LATA;269 ML;6407207547;PL016407207547;ITEM 67;1;30;;288;13;26;419;590;504;85;504;0;;VERDE;7;7;AMARELO
08/02/2025;2025;FEV;PL01;REVENDE;REFRIGERNTE;SODALINE;LATA;350 ML;4548643906;PL014548643906;ITEM 68;1;30;;1.790;81;163;2.604;3.662;2.810;852;2.810;0;;VERMELHO;10;10;VERDE
08/02/2025;2025;FEV;PL01;REVENDE;REFRIGERNTE;SODALINE;LATA;350 ML;2884791889;PL012884791889;ITEM 69;1;30;;1.873;86;170;2.725;3.831;3.051;780;3.051;0;;VERDE;9;9;VERDE
08/02/2025;2025;FEV;PL01;REVENDE;REFRIGERNTE;SODALINE;LATA;350 ML;6755521824;PL016755521824;ITEM 70;1;30;;1.635;74;149;2.378;3.344;2.858;486;2.858;0;;VERMELHO;7;7;VERMELHO
08/02/2025;2025;FEV;PL01;REVENDE;REFRIGERNTE;SODALINE;LATA;350 ML;9861930733;PL019861930733;ITEM 71;1;30;;2.467;113;223;3.588;5.047;3.873;1.175;3.873;0;;VERDE;10;10;VERDE
08/02/2025;2025;FEV;PL01;REVENDE;REFRIGERNTE;SODALINE;LATA;350 ML;7882834728;PL017882834728;ITEM 72;1;30;;481;22;44;699;983;783;200;783;0;;VERDE;9;9;VERDE
08/02/2025;2025;FEV;PL01;REVENDE;REFRIGERNTE;SODALINE;VIDRO;300 ML;6568983298;PL016568983298;ITEM 73;2;15;A;6.568;298;598;5.075;8.956;7.002;1.954;7.002;0;;AMARELO;7;7;AMARELO
08/02/2025;2025;FEV;PL01;REVENDE;REFRIGERNTE;SODALINE;VIDRO;300 ML;3229004422;PL013229004422;ITEM 74;1;30;A;1.454;66;133;2.115;2.975;2.283;692;2.283;0;;VERMELHO;10;10;VERDE
08/02/2025;2025;FEV;PL01;REVENDE;REFRIGERNTE;SODALINE;VIDRO;300 ML;5852722022;PL015852722022;ITEM 75;1;30;;0;0;0;0;0;0;0;0;0;;VERMELHO;;;VERDE
08/02/2025;2025;FEV;PL01;REVENDE;REFRIGERNTE;SODALINE;VIDRO;300 ML;7978043858;PL017978043858;ITEM 76;1;30;;1.227;57;111;1.786;2.511;2.146;365;2.146;0;;VERMELHO;7;7;VERMELHO
08/02/2025;2025;FEV;PL01;REVENDE;REFRIGERNTE;SODALINE;VIDRO;300 ML;2762528070;PL012762528070;ITEM 77;1;30;;423;19;39;615;864;663;201;663;0;;VERMELHO;10;10;VERMELHO
08/02/2025;2025;FEV;PL01;REVENDE;REFRIGERNTE;SODALINE;VIDRO;300 ML;1159450283;PL011159450283;ITEM 78;1;30;;446;20;41;650;913;728;186;728;0;;VERMELHO;9;9;VERMELHO
08/02/2025;2025;FEV;PL01;REVENDE;REFRIGERNTE;SODALINE;VIDRO;300 ML;2663233735;PL012663233735;ITEM 79;1;30;;411;18;38;597;840;718;122;718;0;;VERDE;7;7;VERMELHO
08/02/2025;2025;FEV;PL01;NÃO FABRICA;REFRIGERNTE;SODALINE;VIDRO;300 ML;;;ITEM 80;4;7,5;;0;0;0;0;0;0;0;0;0;;VERDE;;;VERDE
08/02/2025;2025;FEV;PL01;FABRICA;QUENTE;FOGUEIRA;PET;450 ML;3866753478;PL013866753478;ITEM 81;1;30;;1.208;55;110;1.758;2.472;1.969;503;1.969;0;;AMARELO;9;9;AMARELO
08/02/2025;2025;FEV;PL01;REVENDE;QUENTE;VAQUEIRO;LATA;350 ML;8133115921;PL018133115921;ITEM 82;1;30;;3.707;168;337;5.391;7.582;6.478;1.102;6.478;0;;VERDE;7;7;VERDE
08/02/2025;2025;FEV;PL01;SOB PEDIDO;QUENTE;BARROSO;VIDRO;900 ML;3;PL013;ITEM 83;1;30;;0;0;0;0;0;0;0;0;0;;AMARELO;;;AMARELO
08/02/2025;2025;FEV;PL01;SOB PEDIDO;QUENTE;BARROSO;VIDRO;900 ML;3;PL013;ITEM 84;1;30;;0;0;0;0;0;0;0;0;0;;AMARELO;;;AMARELO
08/02/2025;2025;FEV;PL01;REVENDE;QUENTE;BARROSO;VIDRO;900 ML;4636082445;PL014636082445;ITEM 85;1;30;;24;1;2;34;49;41;7;41;0;;VERMELHO;7;7;AMARELO
08/02/2025;2025;FEV;PL01;REVENDE;QUENTE;BARROSO;VIDRO;900 ML;7078745721;PL017078745721;ITEM 86;1;30;;15;1;1;22;31;24;7;24;0;;VERMELHO;10;10;VERDE
08/02/2025;2025;FEV;PL01;REVENDE;QUENTE;CANABRAVA;VIDRO;970 ML;3835769908;PL013835769908;ITEM 87;2;15;;1.346;61;123;1.040;1.834;1.274;560;1.274;0;;VERMELHO;9;9;VERMELHO
08/02/2025;2025;FEV;PL01;REVENDE;CERVEJA;SERRARIA;LATA;269 ML;6417758881;PL016417758881;ITEM 88;1;30;;12;0;2;18;25;22;3;22;0;;VERMELHO;7;7;VERDE
08/02/2025;2025;FEV;PL01;REVENDE;CERVEJA;SERRARIA;LATA;350 ML;5401901879;PL015401901879;ITEM 89;2;15;A;99.635;4.529;9.058;76.990;135.866;88.439;47.426;88.439;0;;VERDE;10;10;VERDE
08/02/2025;2025;FEV;PL01;REVENDE;CERVEJA;SERRARIA;LATA;473 ML;2697978025;PL012697978025;ITEM 90;1;30;;8.794;400;800;12.791;17.987;14.325;3.663;14.325;0;;VERDE;9;9;VERMELHO
08/02/2025;2025;FEV;PL01;REVENDE;CERVEJA;CANABRAVA;LATA;269 ML;3016128400;PL013016128400;ITEM 91;1;30;;4;0;0;5;8;7;1;7;0;;VERDE;7;7;VERMELHO
08/02/2025;2025;FEV;PL01;REVENDE;CERVEJA;CANABRAVA;LATA;350 ML;2981524735;PL012981524735;ITEM 92;1;30;A;2.159;98;197;3.140;4.415;3.388;1.028;3.388;0;;AMARELO;10;10;VERMELHO
08/02/2025;2025;FEV;PL01;REVENDE;CERVEJA;CANABRAVA;LATA;473 ML;8363856073;PL018363856073;ITEM 93;1;30;;11;0;2;16;23;18;5;18;0;;AMARELO;9;9;VERDE
08/02/2025;2025;FEV;PL01;SOB PEDIDO;QUENTE;BELA TOSCANA;LATA;473 ML;3731979678;PL013731979678;ITEM 94;1;30;;0;0;0;0;0;0;0;0;0;;AMARELO;;;VERMELHO
08/02/2025;2025;FEV;PL01;REVENDE;QUENTE;BELA TOSCANA;LATA;473 ML;1736087243;PL011736087243;ITEM 95;2;15;A;115.226;5.237;10.475;89.039;157.127;102.279;54.848;102.279;0;;AMARELO;10;10;VERMELHO
08/02/2025;2025;FEV;PL01;REVENDE;QUENTE;BELA TOSCANA;LATA;269 ML;9546905982;PL019546905982;ITEM 96;1;30;;4.478;203;407;6.515;9.160;7.295;1.865;7.295;0;;VERDE;9;9;VERDE
08/02/2025;2025;FEV;PL01;SOB PEDIDO;QUENTE;BELA TOSCANA;LATA;269 ML;9195391827;PL019195391827;ITEM 97;1;30;;0;0;0;0;0;0;0;0;0;;VERDE;;;VERMELHO
08/02/2025;2025;FEV;PL01;REVENDE;QUENTE;BELA TOSCANA;VIDRO;600 ML;7116603304;PL017116603304;ITEM 98;1;30;A;1.688;77;153;2.455;3.454;2.649;804;2.649;0;;VERMELHO;10;10;VERMELHO
08/02/2025;2025;FEV;PL01;SOB PEDIDO;QUENTE;BELA TOSCANA;VIDRO;600 ML;3845142038;PL013845142038;ITEM 99;1;30;;0;0;0;0;0;0;0;0;0;;VERMELHO;;;AMARELO
08/02/2025;2025;FEV;PL01;DESCONTINUADA;CERVEJA;SERRARIA;VIDRO;300 ML;2780578037;PL012780578037;ITEM 100;1;30;A;0;0;0;0;0;0;0;0;0;;AMARELO;;;VERDE
08/02/2025;2025;FEV;PL01;DESCONTINUADA;CERVEJA;SERRARIA;VIDRO;300 ML;1412143049;PL011412143049;ITEM 101;1;30;;0;0;0;0;0;0;0;0;0;;VERDE;;;AMARELO
08/02/2025;2025;FEV;PL01;REVENDE;CERVEJA;SERRARIA;VIDRO;355 ML;1741828898;PL011741828898;ITEM 102;1;30;;0;0;0;0;0;0;0;0;0;;VERDE;;;VERDE
08/02/2025;2025;FEV;PL01;REVENDE;CERVEJA;SERRARIA;VIDRO;355 ML;4708538671;PL014708538671;ITEM 103;1;30;;0;0;0;0;0;0;0;0;0;;VERMELHO;;;VERDE
08/02/2025;2025;FEV;PL01;REVENDE;CERVEJA;CANABRAVA;VIDRO;330 ML;4006681792;PL014006681792;ITEM 104;1;30;;284;12;26;413;581;445;134;445;0;;VERDE;10;10;VERDE
08/02/2025;2025;FEV;PL01;SOB PEDIDO;CERVEJA;CANABRAVA;VIDRO;330 ML;3328385642;PL013328385642;ITEM 105;1;30;;0;0;0;0;0;0;0;0;0;;VERMELHO;;;VERMELHO
08/02/2025;2025;FEV;PL01;REVENDE;CERVEJA;SERRARIA;VIDRO;600 ML;8105129837;PL018105129837;ITEM 106;1;30;;0;0;0;0;0;0;0;0;0;;VERMELHO;;;AMARELO
08/02/2025;2025;FEV;PL01;REVENDE;CERVEJA;SERRARIA;VIDRO;600 ML;3527812061;PL013527812061;ITEM 107;1;30;;0;0;0;0;0;0;0;0;0;;AMARELO;;;VERDE
08/02/2025;2025;FEV;PL01;REVENDE;AGUA;AQUAVIVA;PET;500 ML;8695851904;PL018695851904;ITEM 108;2;15;A;31.075;1.412;2.825;24.013;42.376;29.433;12.943;29.433;0;;AMARELO;9;9;VERDE
08/02/2025;2025;FEV;PL01;REVENDE;AGUA;AQUAVIVA;PET;500 ML;4163499924;PL014163499924;ITEM 109;2;15;A;19.603;891;1.782;15.148;26.732;20.900;5.832;20.900;0;;AMARELO;7;7;AMARELO
08/02/2025;2025;FEV;PL01;REVENDE;AGUA;AQUAVIVA;PET;1,5 LT;9005279137;PL019005279137;ITEM 110;1;30;;3.794;173;345;5.518;7.760;5.955;1.805;5.955;0;;AMARELO;10;10;VERDE
08/02/2025;2025;FEV;PL01;REVENDE;AGUA;AQUAVIVA;PET;1,5 LT;3987112098;PL013987112098;ITEM 111;1;30;;2.166;98;198;3.149;4.428;3.527;902;3.527;0;;AMARELO;9;9;AMARELO
08/02/2025;2025;FEV;PL01;REVENDE;AGUA;AQUAVIVA;COPO;200 ML;5264079426;PL015264079426;ITEM 112;1;30;;940;43;85;1.367;1.922;1.643;280;1.643;0;;VERMELHO;7;7;VERDE
08/02/2025;2025;FEV;PL01;REVENDE;AGUA;AQUAVIVA;PET;330 ML;1791135716;PL011791135716;ITEM 113;1;30;;783;36;71;1.140;1.602;1.230;372;1.230;0;;AMARELO;10;10;VERMELHO
08/02/2025;2025;FEV;PL01;REVENDE;AGUA;AQUAVIVA;PET;330 ML;5774479674;PL015774479674;ITEM 114;1;30;;3.990;181;363;5.803;8.161;6.499;1.662;6.499;0;;AMARELO;9;9;VERDE
08/02/2025;2025;FEV;PL02;FABRICA;ENERGETICO;TURBOX;PET;2LT;2588139986;PL022588139986;ITEM 1;2;15;A;21.356;971;1.942;16.502;29.122;22.769;6.353;22.769;0;;VERMELHO;7;7;VERDE
08/02/2025;2025;FEV;PL02;FABRICA;ENERGETICO;TURBOX;PET;2LT;9797309114;PL029797309114;ITEM 2;2;15;;1.577;72;143;1.219;2.151;1.400;751;1.400;0;;VERMELHO;10;10;AMARELO
08/02/2025;2025;FEV;PL02;FABRICA;ENERGETICO;TURBOX;PET;2LT;2707536455;PL022707536455;ITEM 3;2;15;;1.137;52;103;879;1.551;1.077;474;1.077;0;;VERMELHO;9;9;VERMELHO
08/02/2025;2025;FEV;PL02;FABRICA;ENERGETICO;TURBOX;PET;2LT;7815188447;PL027815188447;ITEM 4;2;15;A;3.353;152;305;2.591;4.572;3.575;997;3.575;0;;VERDE;7;7;VERMELHO
08/02/2025;2025;FEV;PL02;FABRICA;ENERGETICO;TURBOX;PET;2LT;3940557616;PL023940557616;ITEM 5;2;15;;3.182;145;289;2.459;4.339;2.824;1.515;2.824;0;;AMARELO;10;10;VERMELHO
08/02/2025;2025;FEV;PL02;NÃO FABRICA;ENERGETICO;POTENTAO;PET;2LT;9716897684;PL029716897684;ITEM 6;1;30;;0;0;0;0;0;0;0;0;0;;AMARELO;;;VERDE
08/02/2025;2025;FEV;PL02;FABRICA;REFRIGERNTE;SODALINE;PET;2LT;7978809320;PL027978809320;ITEM 7;2;15;;2.394;108;218;1.850;3.263;2.552;712;2.552;0;;VERDE;7;7;AMARELO
08/02/2025;2025;FEV;PL02;FABRICA;REFRIGERNTE;SODALINE;PET;2LT;9196727317;PL029196727317;ITEM 8;2;15;A;5.882;267;535;4.546;8.021;5.221;2.800;5.221;0;;VERMELHO;10;10;AMARELO
08/02/2025;2025;FEV;PL02;FABRICA;REFRIGERNTE;SODALINE;PET;2LT;8848648876;PL028848648876;ITEM 9;1;30;;763;35;69;1.110;1.561;1.243;318;1.243;0;;AMARELO;9;9;AMARELO
08/02/2025;2025;FEV;PL02;FABRICA;REFRIGERNTE;SODALINE;PET;2LT;7344002978;PL027344002978;ITEM 10;1;30;;1.322;61;120;1.924;2.705;2.312;393;2.312;0;;VERDE;7;7;VERMELHO
08/02/2025;2025;FEV;PL02;FABRICA;REFRIGERNTE;SODALINE;PET;2LT;8534778768;PL028534778768;ITEM 11;2;15;A;2.404;109;218;1.858;3.278;2.134;1.144;2.134;0;;VERMELHO;10;10;VERDE
08/02/2025;2025;FEV;PL02;NÃO FABRICA;REFRIGERNTE;SODALINE;PET;2LT;1457178472;PL021457178472;ITEM 12;1;30;;0;0;0;0;0;0;0;0;0;;VERDE;;;VERMELHO
08/02/2025;2025;FEV;PL02;FABRICA;REFRIGERNTE;SODALINE;PET;2LT;7714751362;PL027714751362;ITEM 13;2;15;;5.318;242;483;4.110;7.252;5.670;1.582;5.670;0;;VERMELHO;7;7;VERDE
08/02/2025;2025;FEV;PL02;FABRICA;REFRIGERNTE;SODALINE;PET;2LT;8010798193;PL028010798193;ITEM 14;2;15;;3.571;162;325;2.759;4.870;3.169;1.700;3.169;0;;AMARELO;10;10;AMARELO
08/02/2025;2025;FEV;PL02;FABRICA;REFRIGERNTE;SODALINE;PET;2LT;4190845205;PL024190845205;ITEM 15;2;15;;3.214;147;292;2.483;4.383;3.044;1.339;3.044;0;;VERMELHO;9;9;AMARELO
08/02/2025;2025;FEV;PL02;FABRICA;REFRIGERNTE;DOCELIM;PET;2LT;8283792984;PL028283792984;ITEM 16;2;15;;24.154;1.098;2.196;18.665;32.937;25.752;7.185;25.752;0;;VERMELHO;7;7;VERDE
08/02/2025;2025;FEV;PL02;FABRICA;REFRIGERNTE;DOCELIM;PET;2LT;2622948662;PL022622948662;ITEM 17;2;15;;2.308;105;210;1.783;3.147;2.048;1.098;2.048;0;;AMARELO;10;10;VERMELHO
08/02/2025;2025;FEV;PL02;SOB PEDIDO;REFRIGERNTE;MACIEZ;PET;2LT;9360161055;PL029360161055;ITEM 18;1;30;;593;27;54;861;1.212;965;247;965;0;;VERMELHO;9;9;VERDE
08/02/2025;2025;FEV;PL02;SOB PEDIDO;REFRIGERNTE;MACIEZ;PET;2LT;1087547517;PL021087547517;ITEM 19;1;30;;1.902;86;173;2.765;3.890;3.324;566;3.324;0;;VERMELHO;7;7;AMARELO
08/02/2025;2025;FEV;PL02;NÃO FABRICA;REFRIGERNTE;SODASHOW;PET;2LT;8992298369;PL028992298369;ITEM 20;1;30;;0;0;0;0;0;0;0;0;0;;VERDE;;;VERMELHO
08/02/2025;2025;FEV;PL02;NÃO FABRICA;REFRIGERNTE;SODASHOW;PET;2LT;6793186032;PL026793186032;ITEM 21;1;30;;0;0;0;0;0;0;0;0;0;;VERDE;;;VERDE
08/02/2025;2025;FEV;PL02;FABRICA;REFRIGERNTE;SODALINE;PET;250 ML;1807370283;PL021807370283;ITEM 22;1;30;;0;0;0;0;0;0;0;0;0;;AMARELO;;;VERMELHO
08/02/2025;2025;FEV;PL02;REVENDE;REFRIGERNTE;SODALINE;PET;200 ML;9222646861;PL029222646861;ITEM 23;2;15;;5.690;259;517;4.397;7.760;5.051;2.709;5.051;0;;AMARELO;10;10;AMARELO
08/02/2025;2025;FEV;PL02;REVENDE;REFRIGERNTE;SODALINE;PET;200 ML;7425247764;PL027425247764;ITEM 24;2;15;A;13.587;617;1.235;10.499;18.528;12.869;5.659;12.869;0;;VERMELHO;9;9;VERMELHO
08/02/2025;2025;FEV;PL02;REVENDE;REFRIGERNTE;SODALINE;PET;200 ML;8258771884;PL028258771884;ITEM 25;2;15;;2.028;92;185;1.567;2.766;2.162;603;2.162;0;;VERMELHO;7;7;AMARELO
08/02/2025;2025;FEV;PL02;REVENDE;REFRIGERNTE;SODALINE;PET;200 ML;2330175682;PL022330175682;ITEM 26;2;15;A;15.149;688;1.378;11.706;20.658;13.447;7.211;13.447;0;;VERDE;10;10;AMARELO
08/02/2025;2025;FEV;PL02;REVENDE;REFRIGERNTE;SODALINE;PET;200 ML;1525898319;PL021525898319;ITEM 27;2;15;;4.281;194;389;3.308;5.838;4.055;1.784;4.055;0;;VERDE;9;9;VERMELHO
08/02/2025;2025;FEV;PL02;REVENDE;REFRIGERNTE;SODALINE;PET;200 ML;5893949482;PL025893949482;ITEM 28;2;15;;11.018;501;1.002;8.514;15.024;11.747;3.278;11.747;0;;VERDE;7;7;VERDE
08/02/2025;2025;FEV;PL02;REVENDE;REFRIGERNTE;SODALINE;PET;200 ML;2416210521;PL022416210521;ITEM 29;2;15;;5.761;261;524;4.451;7.855;5.113;2.742;5.113;0;;AMARELO;10;10;VERDE
08/02/2025;2025;FEV;PL02;REVENDE;REFRIGERNTE;TAHITI;PET;250 ML;9549145244;PL029549145244;ITEM 30;1;30;;1.124;52;102;1.635;2.299;1.832;468;1.832;0;;VERDE;9;9;VERDE
08/02/2025;2025;FEV;PL02;REVENDE;ENERGETICO;TURBOX;PET;250 ML;2064600130;PL022064600130;ITEM 31;2;15;;18.740;851;1.704;14.480;25.555;19.980;5.575;19.980;0;;VERDE;7;7;VERMELHO
08/02/2025;2025;FEV;PL02;REVENDE;ENERGETICO;TURBOX;PET;250 ML;5118955799;PL025118955799;ITEM 32;2;15;;921;42;84;712;1.256;817;439;817;0;;AMARELO;10;10;VERDE
08/02/2025;2025;FEV;PL02;REVENDE;ENERGETICO;TURBOX;PET;250 ML;1659397615;PL021659397615;ITEM 33;2;15;;1.052;48;95;813;1.435;996;438;996;0;;VERDE;9;9;VERMELHO
08/02/2025;2025;FEV;PL02;REVENDE;ENERGETICO;TURBOX;PET;250 ML;9464506045;PL029464506045;ITEM 34;2;15;;490;22;45;378;668;522;146;522;0;;VERMELHO;7;7;VERDE
08/02/2025;2025;FEV;PL02;REVENDE;ENERGETICO;TURBOX;PET;250 ML;5146590853;PL025146590853;ITEM 35;2;15;;1.161;53;106;898;1.583;1.031;552;1.031;0;;VERMELHO;10;10;VERDE
08/02/2025;2025;FEV;PL02;REVENDE;ENERGETICO;TURBOX;PET;250 ML;9012911028;PL029012911028;ITEM 36;2;15;;496;23;45;383;676;470;207;470;0;;AMARELO;9;9;VERDE
08/02/2025;2025;FEV;PL02;REVENDE;ENERGETICO;TURBOX;PET;250 ML;6940692566;PL026940692566;ITEM 37;2;15;;802;36;73;620;1.094;856;239;856;0;;AMARELO;7;7;VERMELHO
08/02/2025;2025;FEV;PL02;REVENDE;QUENTE;BRUSK;PET;270 ML;7363228088;PL027363228088;ITEM 38;1;30;;1.552;70;141;2.257;3.174;2.435;739;2.435;0;;VERMELHO;10;10;VERMELHO
08/02/2025;2025;FEV;PL02;REVENDE;QUENTE;BRUSK;PET;270 ML;7423004876;PL027423004876;ITEM 39;1;30;;1.782;81;162;2.590;3.643;2.902;742;2.902;0;;VERDE;9;9;AMARELO
08/02/2025;2025;FEV;PL02;REVENDE;QUENTE;BRUSK;PET;270 ML;5529128084;PL025529128084;ITEM 40;1;30;;2.140;98;194;3.114;4.378;3.742;636;3.742;0;;VERMELHO;7;7;VERDE
08/02/2025;2025;FEV;PL02;FABRICA;REFRIGERNTE;SODALINE;PET;2,5 LT;6850037038;PL026850037038;ITEM 41;1;30;;4.894;223;445;7.118;10.011;7.681;2.330;7.681;0;;VERMELHO;10;10;VERDE
08/02/2025;2025;FEV;PL02;FABRICA;REFRIGERNTE;SODALINE;PET;2,5 LT;3653845355;PL023653845355;ITEM 42;1;30;;3.051;139;277;4.439;6.241;4.970;1.271;4.970;0;;VERMELHO;9;9;VERMELHO
08/02/2025;2025;FEV;PL02;FABRICA;REFRIGERNTE;SODALINE;PET;2,5 LT;8787943262;PL028787943262;ITEM 43;1;30;;3.717;169;338;5.407;7.603;6.498;1.106;6.498;0;;VERMELHO;7;7;AMARELO
08/02/2025;2025;FEV;PL02;FABRICA;REFRIGERNTE;SODALINE;PET;3 LT;8058602145;PL028058602145;ITEM 44;1;30;;1.007;46;91;1.465;2.059;1.581;480;1.581;0;;VERDE;10;10;VERDE
08/02/2025;2025;FEV;PL02;FABRICA;REFRIGERNTE;SODALINE;PET;3 LT;9421083949;PL029421083949;ITEM 45;1;30;;671;30;61;976;1.372;1.093;279;1.093;0;;VERMELHO;9;9;VERDE
08/02/2025;2025;FEV;PL02;FABRICA;REFRIGERNTE;SODALINE;PET;3 LT;1668828112;PL021668828112;ITEM 46;1;30;;578;26;53;840;1.181;1.010;172;1.010;0;;VERMELHO;7;7;VERMELHO
08/02/2025;2025;FEV;PL02;REVENDE;REFRIGERNTE;SODALINE;PET;500 ML;7584409324;PL027584409324;ITEM 47;1;30;;2.448;111;222;3.560;5.007;3.841;1.164;3.841;0;;VERDE;10;10;AMARELO
08/02/2025;2025;FEV;PL02;REVENDE;REFRIGERNTE;SODALINE;PET;500 ML;5845263097;PL025845263097;ITEM 48;1;30;;550;25;50;800;1.125;896;229;896;0;;VERDE;9;9;VERMELHO
08/02/2025;2025;FEV;PL02;REVENDE;REFRIGERNTE;SODALINE;PET;500 ML;7582802582;PL027582802582;ITEM 49;1;30;;658;30;60;957;1.345;1.150;195;1.150;0;;VERMELHO;7;7;VERMELHO
08/02/2025;2025;FEV;PL02;REVENDE;REFRIGERNTE;SODALINE;PET;500 ML;3018051543;PL023018051543;ITEM 50;1;30;;1.122;52;102;1.632;2.295;1.761;535;1.761;0;;VERDE;10;10;VERMELHO
08/02/2025;2025;FEV;PL02;FABRICA;ENERGETICO;TURBOX;PET;1 LT;9299321571;PL029299321571;ITEM 51;1;30;;115;6;10;166;234;186;48;186;0;;AMARELO;9;9;AMARELO
08/02/2025;2025;FEV;PL02;FABRICA;ENERGETICO;TURBOX;LATA;473 ML;2649415771;PL022649415771;ITEM 52;1;30;A;9.558;434;869;13.903;19.551;16.707;2.843;16.707;0;;AMARELO;7;7;AMARELO
08/02/2025;2025;FEV;PL02;FABRICA;ENERGETICO;TURBOX;LATA;473 ML;9835795111;PL029835795111;ITEM 53;1;30;;1.721;77;156;2.501;3.519;2.699;818;2.699;0;;AMARELO;10;10;VERMELHO
08/02/2025;2025;FEV;PL02;FABRICA;ENERGETICO;TURBOX;LATA;473 ML;8443256885;PL028443256885;ITEM 54;1;30;;1.149;53;104;1.670;2.350;1.871;478;1.871;0;;VERDE;9;9;VERDE
08/02/2025;2025;FEV;PL02;FABRICA;ENERGETICO;TURBOX;LATA;473 ML;6765237355;PL026765237355;ITEM 55;1;30;;1.155;52;105;1.681;2.363;2.019;344;2.019;0;;AMARELO;7;7;VERDE
08/02/2025;2025;FEV;PL02;FABRICA;ENERGETICO;TURBOX;LATA;473 ML;7963279264;PL027963279264;ITEM 56;1;30;A;3.035;138;275;4.415;6.210;4.764;1.445;4.764;0;;VERDE;10;10;VERDE
08/02/2025;2025;FEV;PL02;FABRICA;ENERGETICO;TURBOX;LATA;473 ML;6154742843;PL026154742843;ITEM 57;1;30;A;6.662;303;606;9.691;13.628;10.852;2.775;10.852;0;;VERDE;9;9;AMARELO
08/02/2025;2025;FEV;PL02;FABRICA;ENERGETICO;TURBOX;LATA;473 ML;6281449766;PL026281449766;ITEM 58;1;30;;2.756;125;251;4.009;5.639;4.818;820;4.818;0;;AMARELO;7;7;AMARELO
08/02/2025;2025;FEV;PL02;FABRICA;ENERGETICO;TURBOX;LATA;473 ML;1856517883;PL021856517883;ITEM 59;1;30;;3.508;160;319;5.102;7.174;5.505;1.670;5.505;0;;AMARELO;10;10;VERMELHO
08/02/2025;2025;FEV;PL02;FABRICA;ENERGETICO;TURBOX;LATA;473 ML;7550620484;PL027550620484;ITEM 60;1;30;;5.815;264;529;8.457;11.894;9.472;2.422;9.472;0;;VERDE;9;9;VERMELHO
08/02/2025;2025;FEV;PL02;FABRICA;ENERGETICO;TURBOX;LATA;269 ML;3599677500;PL023599677500;ITEM 61;1;30;;244;12;22;353;497;425;72;425;0;;VERDE;7;7;VERDE
08/02/2025;2025;FEV;PL02;FABRICA;ENERGETICO;TURBOX;LATA;269 ML;4145037849;PL024145037849;ITEM 62;1;30;;55;2;6;81;112;87;26;87;0;;VERDE;10;10;AMARELO
08/02/2025;2025;FEV;PL02;FABRICA;ENERGETICO;TURBOX;LATA;269 ML;6183801253;PL026183801253;ITEM 63;1;30;;41;2;3;60;84;67;17;67;0;;VERMELHO;9;9;VERMELHO
08/02/2025;2025;FEV;PL02;FABRICA;ENERGETICO;TURBOX;LATA;269 ML;8392419689;PL028392419689;ITEM 64;1;30;;43;2;3;64;89;76;13;76;0;;VERMELHO;7;7;AMARELO
08/02/2025;2025;FEV;PL02;FABRICA;ENERGETICO;TURBOX;LATA;269 ML;9210460288;PL029210460288;ITEM 65;1;30;;17;1;2;24;34;26;8;26;0;;AMARELO;10;10;VERDE
08/02/2025;2025;FEV;PL02;FABRICA;ENERGETICO;TURBOX;LATA;269 ML;4755559747;PL024755559747;ITEM 66;1;30;;112;5;10;163;230;183;47;183;0;;VERDE;9;9;VERDE
08/02/2025;2025;FEV;PL02;FABRICA;ENERGETICO;TURBOX;LATA;269 ML;6407207547;PL026407207547;ITEM 67;1;30;;26;1;2;37;52;44;7;44;0;;VERDE;7;7;VERDE
08/02/2025;2025;FEV;PL02;FABRICA;REFRIGERNTE;SODALINE;LATA;350 ML;4548643906;PL024548643906;ITEM 68;1;30;;852;38;77;1.239;1.743;1.337;405;1.337;0;;AMARELO;10;10;AMARELO
08/02/2025;2025;FEV;PL02;FABRICA;REFRIGERNTE;SODALINE;LATA;350 ML;2884791889;PL022884791889;ITEM 69;1;30;;718;33;65;1.045;1.470;1.170;300;1.170;0;;AMARELO;9;9;AMARELO
08/02/2025;2025;FEV;PL02;FABRICA;REFRIGERNTE;SODALINE;LATA;350 ML;6755521824;PL026755521824;ITEM 70;1;30;;912;41;82;1.326;1.864;1.593;272;1.593;0;;VERDE;7;7;AMARELO
08/02/2025;2025;FEV;PL02;FABRICA;REFRIGERNTE;SODALINE;LATA;350 ML;9861930733;PL029861930733;ITEM 71;1;30;;915;42;83;1.330;1.871;1.435;436;1.435;0;;VERDE;10;10;VERDE
08/02/2025;2025;FEV;PL02;FABRICA;REFRIGERNTE;SODALINE;LATA;350 ML;7882834728;PL027882834728;ITEM 72;1;30;;117;5;11;171;239;191;49;191;0;;VERDE;9;9;VERMELHO
08/02/2025;2025;FEV;PL02;FABRICA;REFRIGERNTE;SODALINE;VIDRO;300 ML;6568983298;PL026568983298;ITEM 73;2;15;A;2.231;101;203;1.725;3.042;2.379;663;2.379;0;;VERDE;7;7;VERMELHO
08/02/2025;2025;FEV;PL02;FABRICA;REFRIGERNTE;SODALINE;VIDRO;300 ML;3229004422;PL023229004422;ITEM 74;1;30;A;582;27;53;846;1.190;913;277;913;0;;VERDE;10;10;VERDE
08/02/2025;2025;FEV;PL02;FABRICA;REFRIGERNTE;SODALINE;VIDRO;300 ML;5852722022;PL025852722022;ITEM 75;1;30;;487;22;44;709;997;794;203;794;0;;VERDE;9;9;VERMELHO
08/02/2025;2025;FEV;PL02;FABRICA;REFRIGERNTE;SODALINE;VIDRO;300 ML;7978043858;PL027978043858;ITEM 76;1;30;;0;0;0;0;0;0;0;0;0;;VERDE;;;VERMELHO
08/02/2025;2025;FEV;PL02;FABRICA;REFRIGERNTE;SODALINE;VIDRO;300 ML;2762528070;PL022762528070;ITEM 77;1;30;;0;0;0;0;0;0;0;0;0;;AMARELO;;;VERDE
08/02/2025;2025;FEV;PL02;FABRICA;REFRIGERNTE;SODALINE;VIDRO;300 ML;1159450283;PL021159450283;ITEM 78;1;30;;0;0;0;0;0;0;0;0;0;;VERMELHO;;;AMARELO
08/02/2025;2025;FEV;PL02;FABRICA;REFRIGERNTE;SODALINE;VIDRO;300 ML;2663233735;PL022663233735;ITEM 79;1;30;;0;0;0;0;0;0;0;0;0;;VERMELHO;;;VERDE
08/02/2025;2025;FEV;PL02;FABRICA;REFRIGERNTE;SODALINE;VIDRO;300 ML;;;ITEM 80;4;7,5;;0;0;0;0;0;0;0;0;0;;AMARELO;;;AMARELO
08/02/2025;2025;FEV;PL02;REVENDE;QUENTE;FOGUEIRA;PET;450 ML;3866753478;PL023866753478;ITEM 81;1;30;;4.985;227;453;7.251;10.197;8.121;2.077;8.121;0;;VERDE;9;9;VERMELHO
08/02/2025;2025;FEV;PL02;REVENDE;QUENTE;VAQUEIRO;LATA;350 ML;8133115921;PL028133115921;ITEM 82;1;30;;1.526;69;138;2.220;3.122;2.668;454;2.668;0;;VERMELHO;7;7;AMARELO
08/02/2025;2025;FEV;PL02;SOB PEDIDO;QUENTE;BARROSO;VIDRO;900 ML;3;PL023;ITEM 83;1;30;;1.461;66;132;2.125;2.987;2.292;696;2.292;0;;VERMELHO;10;10;VERMELHO
08/02/2025;2025;FEV;PL02;SOB PEDIDO;QUENTE;BARROSO;VIDRO;900 ML;3;PL023;ITEM 84;1;30;;1.502;68;136;2.185;3.072;2.357;715;2.357;0;;AMARELO;10;10;AMARELO
08/02/2025;2025;FEV;PL02;FABRICA;QUENTE;BARROSO;VIDRO;900 ML;4636082445;PL024636082445;ITEM 85;1;30;;11;1;1;16;22;19;4;19;0;;VERDE;7;7;AMARELO
08/02/2025;2025;FEV;PL02;FABRICA;QUENTE;BARROSO;VIDRO;900 ML;7078745721;PL027078745721;ITEM 86;1;30;;11;1;1;15;21;16;5;16;0;;VERDE;10;10;AMARELO
08/02/2025;2025;FEV;PL02;FABRICA;QUENTE;CANABRAVA;VIDRO;970 ML;3835769908;PL023835769908;ITEM 87;2;15;;9.224;419;839;7.128;12.578;8.736;3.842;8.736;0;;VERDE;9;9;VERDE
08/02/2025;2025;FEV;PL02;FABRICA;CERVEJA;SERRARIA;LATA;269 ML;6417758881;PL026417758881;ITEM 88;1;30;;17.848;811;1.622;25.960;36.507;31.197;5.310;31.197;0;;VERDE;7;7;AMARELO
08/02/2025;2025;FEV;PL02;FABRICA;CERVEJA;SERRARIA;LATA;350 ML;5401901879;PL025401901879;ITEM 89;2;15;A;56.612;2.574;5.146;43.746;77.198;50.251;26.947;50.251;0;;AMARELO;10;10;VERDE
08/02/2025;2025;FEV;PL02;FABRICA;CERVEJA;SERRARIA;LATA;473 ML;2697978025;PL022697978025;ITEM 90;1;30;;72.452;3.293;6.587;105.386;148.199;118.023;30.177;118.023;0;;VERDE;9;9;VERDE
08/02/2025;2025;FEV;PL02;FABRICA;CERVEJA;CANABRAVA;LATA;269 ML;3016128400;PL023016128400;ITEM 91;1;30;;175;8;15;255;358;306;52;306;0;;VERDE;7;7;VERMELHO
08/02/2025;2025;FEV;PL02;FABRICA;CERVEJA;CANABRAVA;LATA;350 ML;2981524735;PL022981524735;ITEM 92;1;30;A;289;14;26;420;591;452;137;452;0;;VERDE;10;10;VERMELHO
08/02/2025;2025;FEV;PL02;FABRICA;CERVEJA;CANABRAVA;LATA;473 ML;8363856073;PL028363856073;ITEM 93;1;30;;226;10;21;329;463;368;94;368;0;;VERMELHO;9;9;AMARELO
08/02/2025;2025;FEV;PL02;SOB PEDIDO;QUENTE;BELA TOSCANA;LATA;473 ML;3731979678;PL023731979678;ITEM 94;1;30;;0;0;0;0;0;0;0;0;0;;AMARELO;;;VERDE
08/02/2025;2025;FEV;PL02;FABRICA;QUENTE;BELA TOSCANA;LATA;473 ML;1736087243;PL021736087243;ITEM 95;2;15;A;44.587;2.027;4.053;34.453;60.799;39.577;21.223;39.577;0;;AMARELO;10;10;VERDE
08/02/2025;2025;FEV;PL02;FABRICA;QUENTE;BELA TOSCANA;LATA;269 ML;9546905982;PL029546905982;ITEM 96;1;30;;1.458;66;133;2.121;2.983;2.376;607;2.376;0;;VERMELHO;9;9;VERMELHO
08/02/2025;2025;FEV;PL02;SOB PEDIDO;QUENTE;BELA TOSCANA;LATA;269 ML;9195391827;PL029195391827;ITEM 97;1;30;;0;0;0;0;0;0;0;0;0;;VERMELHO;;;AMARELO
08/02/2025;2025;FEV;PL02;FABRICA;QUENTE;BELA TOSCANA;VIDRO;600 ML;7116603304;PL027116603304;ITEM 98;1;30;A;858;39;78;1.248;1.755;1.346;408;1.346;0;;VERDE;10;10;VERMELHO
08/02/2025;2025;FEV;PL02;SOB PEDIDO;QUENTE;BELA TOSCANA;VIDRO;600 ML;3845142038;PL023845142038;ITEM 99;1;30;;12.736;578;1.159;18.525;26.050;20.746;5.304;20.746;0;;AMARELO;9;9;VERDE
08/02/2025;2025;FEV;PL02;DESCONTINUADA;CERVEJA;SERRARIA;VIDRO;300 ML;2780578037;PL022780578037;ITEM 100;1;30;A;0;0;0;0;0;0;0;0;0;;VERMELHO;;;AMARELO
08/02/2025;2025;FEV;PL02;DESCONTINUADA;CERVEJA;SERRARIA;VIDRO;300 ML;1412143049;PL021412143049;ITEM 101;1;30;;0;0;0;0;0;0;0;0;0;;VERMELHO;;;VERDE
08/02/2025;2025;FEV;PL02;FABRICA;CERVEJA;SERRARIA;VIDRO;355 ML;1741828898;PL021741828898;ITEM 102;1;30;;0;0;0;0;0;0;0;0;0;;VERMELHO;;;VERDE
08/02/2025;2025;FEV;PL02;FABRICA;CERVEJA;SERRARIA;VIDRO;355 ML;4708538671;PL024708538671;ITEM 103;1;30;;0;0;0;0;0;0;0;0;0;;AMARELO;;;VERMELHO
08/02/2025;2025;FEV;PL02;FABRICA;CERVEJA;CANABRAVA;VIDRO;330 ML;4006681792;PL024006681792;ITEM 104;1;30;;149;6;14;215;302;232;71;232;0;;VERDE;10;10;AMARELO
08/02/2025;2025;FEV;PL02;SOB PEDIDO;CERVEJA;CANABRAVA;VIDRO;330 ML;3328385642;PL023328385642;ITEM 105;1;30;;0;0;0;0;0;0;0;0;0;;AMARELO;;;VERMELHO
08/02/2025;2025;FEV;PL02;FABRICA;CERVEJA;SERRARIA;VIDRO;600 ML;8105129837;PL028105129837;ITEM 106;1;30;;977;44;89;1.420;1.997;1.707;290;1.707;0;;AMARELO;7;7;VERDE
08/02/2025;2025;FEV;PL02;FABRICA;CERVEJA;SERRARIA;VIDRO;600 ML;3527812061;PL023527812061;ITEM 107;1;30;;598;27;55;868;1.221;937;284;937;0;;VERMELHO;10;10;AMARELO
08/02/2025;2025;FEV;PL02;REVENDE;AGUA;AQUAVIVA;PET;500 ML;8695851904;PL028695851904;ITEM 108;2;15;A;23.510;1.069;2.137;18.167;32.059;22.267;9.792;22.267;0;;AMARELO;9;9;VERDE
08/02/2025;2025;FEV;PL02;REVENDE;AGUA;AQUAVIVA;PET;500 ML;4163499924;PL024163499924;ITEM 109;2;15;A;69.186;3.145;6.289;53.462;94.344;73.762;20.583;73.762;0;;AMARELO;7;7;VERMELHO
08/02/2025;2025;FEV;PL02;REVENDE;AGUA;AQUAVIVA;PET;1,5 LT;9005279137;PL029005279137;ITEM 110;1;30;;6.716;306;611;9.769;13.738;10.542;3.196;10.542;0;;VERDE;10;10;VERDE
08/02/2025;2025;FEV;PL02;REVENDE;AGUA;AQUAVIVA;PET;1,5 LT;3987112098;PL023987112098;ITEM 111;1;30;;3.240;148;295;4.712;6.627;5.277;1.350;5.277;0;;AMARELO;9;9;VERDE
08/02/2025;2025;FEV;PL02;REVENDE;AGUA;AQUAVIVA;COPO;200 ML;5264079426;PL025264079426;ITEM 112;1;30;;101;5;9;147;207;178;31;178;0;;VERMELHO;7;7;VERDE
08/02/2025;2025;FEV;PL02;REVENDE;AGUA;AQUAVIVA;PET;330 ML;1791135716;PL021791135716;ITEM 113;1;30;;102;5;10;149;211;162;48;162;0;;VERDE;10;10;AMARELO
08/02/2025;2025;FEV;PL02;REVENDE;AGUA;AQUAVIVA;PET;330 ML;5774479674;PL025774479674;ITEM 114;1;30;;30;1;3;43;62;49;13;49;0;;VERDE;9;9;VERDE
08/02/2025;2025;FEV;PL03;REVENDE;ENERGETICO;TURBOX;PET;2LT;2588139986;PL032588139986;ITEM 1;2;15;A;21.995;1.000;2.000;16.997;29.994;23.450;6.544;23.450;0;;VERDE;7;7;VERMELHO
08/02/2025;2025;FEV;PL03;REVENDE;ENERGETICO;TURBOX;PET;2LT;9797309114;PL039797309114;ITEM 2;2;15;;3.539;162;322;2.734;4.827;3.142;1.685;3.142;0;;VERMELHO;10;10;VERDE
08/02/2025;2025;FEV;PL03;REVENDE;ENERGETICO;TURBOX;PET;2LT;2707536455;PL032707536455;ITEM 3;2;15;;3.387;153;308;2.618;4.619;3.208;1.411;3.208;0;;VERMELHO;9;9;VERDE
08/02/2025;2025;FEV;PL03;REVENDE;ENERGETICO;TURBOX;PET;2LT;7815188447;PL037815188447;ITEM 4;2;15;A;3.481;158;316;2.690;4.747;3.712;1.036;3.712;0;;VERDE;7;7;AMARELO
08/02/2025;2025;FEV;PL03;REVENDE;ENERGETICO;TURBOX;PET;2LT;3940557616;PL033940557616;ITEM 5;2;15;;1.511;68;137;1.168;2.061;1.342;719;1.342;0;;VERDE;10;10;VERMELHO
08/02/2025;2025;FEV;PL03;REVENDE;ENERGETICO;POTENTAO;PET;2LT;9716897684;PL039716897684;ITEM 6;1;30;;267;12;24;389;547;436;112;436;0;;AMARELO;9;9;VERDE
08/02/2025;2025;FEV;PL03;REVENDE;REFRIGERNTE;SODALINE;PET;2LT;7978809320;PL037978809320;ITEM 7;2;15;;1.797;82;163;1.389;2.451;1.916;535;1.916;0;;VERMELHO;7;7;VERDE
08/02/2025;2025;FEV;PL03;FABRICA;REFRIGERNTE;SODALINE;PET;2LT;9196727317;PL039196727317;ITEM 8;2;15;A;12.129;551;1.103;9.373;16.540;10.765;5.774;10.765;0;;AMARELO;10;10;AMARELO
08/02/2025;2025;FEV;PL03;FABRICA;REFRIGERNTE;SODALINE;PET;2LT;8848648876;PL038848648876;ITEM 9;1;30;;1.725;79;157;2.509;3.528;2.810;718;2.810;0;;AMARELO;9;9;AMARELO
08/02/2025;2025;FEV;PL03;FABRICA;REFRIGERNTE;SODALINE;PET;2LT;7344002978;PL037344002978;ITEM 10;1;30;;1.124;51;102;1.636;2.301;1.966;335;1.966;0;;VERMELHO;7;7;VERMELHO
08/02/2025;2025;FEV;PL03;FABRICA;REFRIGERNTE;SODALINE;PET;2LT;8534778768;PL038534778768;ITEM 11;2;15;A;6.530;296;594;5.046;8.905;5.797;3.108;5.797;0;;VERMELHO;10;10;VERDE
08/02/2025;2025;FEV;PL03;FABRICA;REFRIGERNTE;SODALINE;PET;2LT;1457178472;PL031457178472;ITEM 12;1;30;;179;8;16;260;366;291;75;291;0;;AMARELO;9;9;AMARELO
08/02/2025;2025;FEV;PL03;REVENDE;REFRIGERNTE;SODALINE;PET;2LT;7714751362;PL037714751362;ITEM 13;2;15;;7.355;334;668;5.683;10.029;7.841;2.188;7.841;0;;AMARELO;7;7;VERMELHO
08/02/2025;2025;FEV;PL03;REVENDE;REFRIGERNTE;SODALINE;PET;2LT;8010798193;PL038010798193;ITEM 14;2;15;;4.248;193;386;3.282;5.792;3.771;2.022;3.771;0;;AMARELO;10;10;VERMELHO
08/02/2025;2025;FEV;PL03;FABRICA;REFRIGERNTE;SODALINE;PET;2LT;4190845205;PL034190845205;ITEM 15;2;15;;2.743;124;250;2.120;3.740;2.598;1.142;2.598;0;;VERMELHO;9;9;AMARELO
08/02/2025;2025;FEV;PL03;FABRICA;REFRIGERNTE;DOCELIM;PET;2LT;8283792984;PL038283792984;ITEM 16;2;15;;29.950;1.361;2.722;23.143;40.842;31.931;8.910;31.931;0;;VERMELHO;7;7;VERDE
08/02/2025;2025;FEV;PL03;REVENDE;REFRIGERNTE;DOCELIM;PET;2LT;2622948662;PL032622948662;ITEM 17;2;15;;2.615;119;238;2.021;3.566;2.321;1.245;2.321;0;;VERDE;10;10;VERMELHO
08/02/2025;2025;FEV;PL03;NÃO FABRICA;REFRIGERNTE;MACIEZ;PET;2LT;9360161055;PL039360161055;ITEM 18;1;30;;541;25;49;787;1.107;881;225;881;0;;VERDE;9;9;VERDE
08/02/2025;2025;FEV;PL03;NÃO FABRICA;REFRIGERNTE;MACIEZ;PET;2LT;1087547517;PL031087547517;ITEM 19;1;30;;1.841;84;167;2.678;3.767;3.219;548;3.219;0;;VERDE;7;7;AMARELO
08/02/2025;2025;FEV;PL03;FABRICA;REFRIGERNTE;SODASHOW;PET;2LT;8992298369;PL038992298369;ITEM 20;1;30;;101;5;9;147;207;158;48;158;0;;VERMELHO;10;10;VERDE
08/02/2025;2025;FEV;PL03;REVENDE;REFRIGERNTE;SODASHOW;PET;2LT;6793186032;PL036793186032;ITEM 21;1;30;;201;9;18;292;411;327;84;327;0;;AMARELO;9;9;VERDE
08/02/2025;2025;FEV;PL03;NÃO FABRICA;REFRIGERNTE;SODALINE;PET;250 ML;1807370283;PL031807370283;ITEM 22;1;30;;80;4;7;116;164;140;24;140;0;;VERMELHO;7;7;VERMELHO
08/02/2025;2025;FEV;PL03;FABRICA;REFRIGERNTE;SODALINE;PET;200 ML;9222646861;PL039222646861;ITEM 23;2;15;;6.892;314;627;5.326;9.399;6.119;3.280;6.119;0;;AMARELO;10;10;AMARELO
08/02/2025;2025;FEV;PL03;FABRICA;REFRIGERNTE;SODALINE;PET;200 ML;7425247764;PL037425247764;ITEM 24;2;15;A;17.819;810;1.620;13.769;24.299;16.877;7.421;16.877;0;;AMARELO;9;9;VERMELHO
08/02/2025;2025;FEV;PL03;FABRICA;REFRIGERNTE;SODALINE;PET;200 ML;8258771884;PL038258771884;ITEM 25;2;15;;2.627;119;239;2.031;3.583;2.801;782;2.801;0;;VERDE;7;7;VERMELHO
08/02/2025;2025;FEV;PL03;FABRICA;REFRIGERNTE;SODALINE;PET;200 ML;2330175682;PL032330175682;ITEM 26;2;15;A;9.297;423;845;7.184;12.678;8.252;4.425;8.252;0;;AMARELO;10;10;VERMELHO
08/02/2025;2025;FEV;PL03;FABRICA;REFRIGERNTE;SODALINE;PET;200 ML;1525898319;PL031525898319;ITEM 27;2;15;;2.701;123;245;2.087;3.684;2.559;1.125;2.559;0;;AMARELO;9;9;AMARELO
08/02/2025;2025;FEV;PL03;FABRICA;REFRIGERNTE;SODALINE;PET;200 ML;5893949482;PL035893949482;ITEM 28;2;15;;20.693;941;1.881;15.989;28.217;22.060;6.155;22.060;0;;AMARELO;7;7;AMARELO
08/02/2025;2025;FEV;PL03;FABRICA;REFRIGERNTE;SODALINE;PET;200 ML;2416210521;PL032416210521;ITEM 29;2;15;;3.455;157;314;2.669;4.711;3.067;1.644;3.067;0;;VERDE;10;10;AMARELO
08/02/2025;2025;FEV;PL03;REVENDE;REFRIGERNTE;TAHITI;PET;250 ML;9549145244;PL039549145244;ITEM 30;1;30;;2.031;92;184;2.956;4.156;3.310;846;3.310;0;;VERDE;9;9;VERDE
08/02/2025;2025;FEV;PL03;REVENDE;ENERGETICO;TURBOX;PET;250 ML;2064600130;PL032064600130;ITEM 31;2;15;;12.231;556;1.112;9.452;16.679;13.040;3.639;13.040;0;;AMARELO;7;7;AMARELO
08/02/2025;2025;FEV;PL03;REVENDE;ENERGETICO;TURBOX;PET;250 ML;5118955799;PL035118955799;ITEM 32;2;15;;1.260;57;115;974;1.719;1.119;600;1.119;0;;VERDE;10;10;AMARELO
08/02/2025;2025;FEV;PL03;REVENDE;ENERGETICO;TURBOX;PET;250 ML;1659397615;PL031659397615;ITEM 33;2;15;;1.126;51;103;870;1.535;1.066;469;1.066;0;;VERDE;9;9;VERDE
08/02/2025;2025;FEV;PL03;REVENDE;ENERGETICO;TURBOX;PET;250 ML;9464506045;PL039464506045;ITEM 34;2;15;;1.189;54;108;920;1.621;1.269;354;1.269;0;;AMARELO;7;7;VERMELHO
08/02/2025;2025;FEV;PL03;REVENDE;ENERGETICO;TURBOX;PET;250 ML;5146590853;PL035146590853;ITEM 35;2;15;;1.933;88;176;1.493;2.637;1.716;921;1.716;0;;VERMELHO;10;10;AMARELO
08/02/2025;2025;FEV;PL03;REVENDE;ENERGETICO;TURBOX;PET;250 ML;9012911028;PL039012911028;ITEM 36;2;15;;414;19;38;320;565;392;172;392;0;;VERMELHO;9;9;AMARELO
08/02/2025;2025;FEV;PL03;REVENDE;ENERGETICO;TURBOX;PET;250 ML;6940692566;PL036940692566;ITEM 37;2;15;;759;35;69;586;1.036;810;226;810;0;;VERMELHO;7;7;VERDE
08/02/2025;2025;FEV;PL03;REVENDE;QUENTE;BRUSK;PET;270 ML;7363228088;PL037363228088;ITEM 38;1;30;;1.271;58;115;1.849;2.600;1.995;605;1.995;0;;VERMELHO;10;10;VERMELHO
08/02/2025;2025;FEV;PL03;REVENDE;QUENTE;BRUSK;PET;270 ML;7423004876;PL037423004876;ITEM 39;1;30;;1.892;86;172;2.752;3.869;3.082;788;3.082;0;;AMARELO;9;9;VERMELHO
08/02/2025;2025;FEV;PL03;REVENDE;QUENTE;BRUSK;PET;270 ML;5529128084;PL035529128084;ITEM 40;1;30;;1.185;54;108;1.724;2.424;2.071;352;2.071;0;;AMARELO;7;7;VERDE
08/02/2025;2025;FEV;PL03;NÃO FABRICA;REFRIGERNTE;SODALINE;PET;2,5 LT;6850037038;PL036850037038;ITEM 41;1;30;;3.412;155;310;4.962;6.979;5.354;1.624;5.354;0;;VERDE;10;10;AMARELO
08/02/2025;2025;FEV;PL03;NÃO FABRICA;REFRIGERNTE;SODALINE;PET;2,5 LT;3653845355;PL033653845355;ITEM 42;1;30;;4.048;184;368;5.888;8.281;6.594;1.686;6.594;0;;VERDE;9;9;VERDE
08/02/2025;2025;FEV;PL03;NÃO FABRICA;REFRIGERNTE;SODALINE;PET;2,5 LT;8787943262;PL038787943262;ITEM 43;1;30;;3.087;141;281;4.491;6.315;5.397;918;5.397;0;;VERDE;7;7;VERMELHO
08/02/2025;2025;FEV;PL03;REVENDE;REFRIGERNTE;SODALINE;PET;3 LT;8058602145;PL038058602145;ITEM 44;1;30;;1.959;89;178;2.849;4.006;3.074;932;3.074;0;;VERMELHO;10;10;VERDE
08/02/2025;2025;FEV;PL03;REVENDE;REFRIGERNTE;SODALINE;PET;3 LT;9421083949;PL039421083949;ITEM 45;1;30;;664;30;61;966;1.359;1.082;277;1.082;0;;VERDE;9;9;VERDE
08/02/2025;2025;FEV;PL03;REVENDE;REFRIGERNTE;SODALINE;PET;3 LT;1668828112;PL031668828112;ITEM 46;1;30;;786;35;72;1.144;1.608;1.374;233;1.374;0;;VERDE;7;7;VERMELHO
08/02/2025;2025;FEV;PL03;REVENDE;REFRIGERNTE;SODALINE;PET;500 ML;7584409324;PL037584409324;ITEM 47;1;30;;2.525;115;230;3.671;5.164;3.962;1.202;3.962;0;;AMARELO;10;10;VERMELHO
08/02/2025;2025;FEV;PL03;REVENDE;REFRIGERNTE;SODALINE;PET;500 ML;5845263097;PL035845263097;ITEM 48;1;30;;2.007;91;182;2.919;4.103;3.268;835;3.268;0;;VERMELHO;9;9;VERMELHO
08/02/2025;2025;FEV;PL03;REVENDE;REFRIGERNTE;SODALINE;PET;500 ML;7582802582;PL037582802582;ITEM 49;1;30;;1.537;71;139;2.235;3.144;2.687;457;2.687;0;;AMARELO;7;7;VERDE
08/02/2025;2025;FEV;PL03;REVENDE;REFRIGERNTE;SODALINE;PET;500 ML;3018051543;PL033018051543;ITEM 50;1;30;;771;35;70;1.120;1.576;1.209;367;1.209;0;;VERMELHO;10;10;AMARELO
08/02/2025;2025;FEV;PL03;REVENDE;ENERGETICO;TURBOX;PET;1 LT;9299321571;PL039299321571;ITEM 51;1;30;;288;13;26;419;589;469;120;469;0;;AMARELO;9;9;AMARELO
08/02/2025;2025;FEV;PL03;REVENDE;ENERGETICO;TURBOX;LATA;473 ML;2649415771;PL032649415771;ITEM 52;1;30;A;5.693;259;518;8.282;11.646;9.953;1.694;9.953;0;;AMARELO;7;7;VERMELHO
08/02/2025;2025;FEV;PL03;REVENDE;ENERGETICO;TURBOX;LATA;473 ML;9835795111;PL039835795111;ITEM 53;1;30;;781;35;71;1.136;1.597;1.226;372;1.226;0;;VERDE;10;10;AMARELO
08/02/2025;2025;FEV;PL03;REVENDE;ENERGETICO;TURBOX;LATA;473 ML;8443256885;PL038443256885;ITEM 54;1;30;;1.665;75;152;2.421;3.405;2.712;694;2.712;0;;VERDE;9;9;AMARELO
08/02/2025;2025;FEV;PL03;REVENDE;ENERGETICO;TURBOX;LATA;473 ML;6765237355;PL036765237355;ITEM 55;1;30;;1.766;81;160;2.569;3.613;3.087;526;3.087;0;;VERDE;7;7;VERMELHO
08/02/2025;2025;FEV;PL03;REVENDE;ENERGETICO;TURBOX;LATA;473 ML;7963279264;PL037963279264;ITEM 56;1;30;A;2.384;108;217;3.468;4.876;3.742;1.135;3.742;0;;VERMELHO;10;10;AMARELO
08/02/2025;2025;FEV;PL03;REVENDE;ENERGETICO;TURBOX;LATA;473 ML;6154742843;PL036154742843;ITEM 57;1;30;A;4.152;189;377;6.040;8.494;6.764;1.729;6.764;0;;AMARELO;9;9;VERMELHO
08/02/2025;2025;FEV;PL03;REVENDE;ENERGETICO;TURBOX;LATA;473 ML;6281449766;PL036281449766;ITEM 58;1;30;;1.684;77;153;2.450;3.444;2.943;501;2.943;0;;VERDE;7;7;VERMELHO
08/02/2025;2025;FEV;PL03;REVENDE;ENERGETICO;TURBOX;LATA;473 ML;1856517883;PL031856517883;ITEM 59;1;30;;2.652;120;241;3.856;5.423;4.162;1.262;4.162;0;;AMARELO;10;10;VERMELHO
08/02/2025;2025;FEV;PL03;REVENDE;ENERGETICO;TURBOX;LATA;473 ML;7550620484;PL037550620484;ITEM 60;1;30;;2.205;100;200;3.207;4.510;3.591;919;3.591;0;;VERDE;9;9;VERMELHO
08/02/2025;2025;FEV;PL03;REVENDE;ENERGETICO;TURBOX;LATA;269 ML;3599677500;PL033599677500;ITEM 61;1;30;;338;15;30;492;691;590;101;590;0;;AMARELO;7;7;VERDE
08/02/2025;2025;FEV;PL03;REVENDE;ENERGETICO;TURBOX;LATA;269 ML;4145037849;PL034145037849;ITEM 62;1;30;;131;6;12;190;267;205;62;205;0;;VERMELHO;10;10;VERDE
08/02/2025;2025;FEV;PL03;REVENDE;ENERGETICO;TURBOX;LATA;269 ML;6183801253;PL036183801253;ITEM 63;1;30;;565;26;52;821;1.156;920;236;920;0;;VERDE;9;9;AMARELO
08/02/2025;2025;FEV;PL03;REVENDE;ENERGETICO;TURBOX;LATA;269 ML;8392419689;PL038392419689;ITEM 64;1;30;;219;10;21;319;449;384;65;384;0;;VERDE;7;7;VERMELHO
08/02/2025;2025;FEV;PL03;REVENDE;ENERGETICO;TURBOX;LATA;269 ML;9210460288;PL039210460288;ITEM 65;1;30;;265;13;24;386;543;416;127;416;0;;VERMELHO;10;10;AMARELO
08/02/2025;2025;FEV;PL03;REVENDE;ENERGETICO;TURBOX;LATA;269 ML;4755559747;PL034755559747;ITEM 66;1;30;;238;11;21;346;488;388;99;388;0;;VERDE;9;9;VERDE
08/02/2025;2025;FEV;PL03;REVENDE;ENERGETICO;TURBOX;LATA;269 ML;6407207547;PL036407207547;ITEM 67;1;30;;184;9;17;267;377;322;55;322;0;;AMARELO;7;7;AMARELO
08/02/2025;2025;FEV;PL03;REVENDE;REFRIGERNTE;SODALINE;LATA;350 ML;4548643906;PL034548643906;ITEM 68;1;30;;1.637;74;149;2.380;3.348;2.568;780;2.568;0;;VERDE;10;10;AMARELO
08/02/2025;2025;FEV;PL03;REVENDE;REFRIGERNTE;SODALINE;LATA;350 ML;2884791889;PL032884791889;ITEM 69;1;30;;639;29;58;929;1.307;1.041;266;1.041;0;;VERMELHO;9;9;VERDE
08/02/2025;2025;FEV;PL03;REVENDE;REFRIGERNTE;SODALINE;LATA;350 ML;6755521824;PL036755521824;ITEM 70;1;30;;615;28;56;894;1.258;1.075;183;1.075;0;;VERMELHO;7;7;VERDE
08/02/2025;2025;FEV;PL03;REVENDE;REFRIGERNTE;SODALINE;LATA;350 ML;9861930733;PL039861930733;ITEM 71;1;30;;1.010;45;92;1.468;2.064;1.583;480;1.583;0;;VERMELHO;10;10;VERMELHO
08/02/2025;2025;FEV;PL03;REVENDE;REFRIGERNTE;SODALINE;LATA;350 ML;7882834728;PL037882834728;ITEM 72;1;30;;290;13;26;422;593;472;121;472;0;;VERMELHO;9;9;VERDE
08/02/2025;2025;FEV;PL03;REVENDE;REFRIGERNTE;SODALINE;VIDRO;300 ML;6568983298;PL036568983298;ITEM 73;2;15;A;2.038;93;186;1.575;2.779;2.172;606;2.172;0;;AMARELO;7;7;VERMELHO
08/02/2025;2025;FEV;PL03;REVENDE;REFRIGERNTE;SODALINE;VIDRO;300 ML;3229004422;PL033229004422;ITEM 74;1;30;A;996;45;91;1.448;2.036;1.562;474;1.562;0;;VERDE;10;10;VERMELHO
08/02/2025;2025;FEV;PL03;REVENDE;REFRIGERNTE;SODALINE;VIDRO;300 ML;5852722022;PL035852722022;ITEM 75;1;30;;1.188;54;108;1.727;2.429;1.934;494;1.934;0;;VERMELHO;9;9;VERDE
08/02/2025;2025;FEV;PL03;REVENDE;REFRIGERNTE;SODALINE;VIDRO;300 ML;7978043858;PL037978043858;ITEM 76;1;30;;158;8;14;229;323;276;47;276;0;;VERMELHO;7;7;VERDE
08/02/2025;2025;FEV;PL03;REVENDE;REFRIGERNTE;SODALINE;VIDRO;300 ML;2762528070;PL032762528070;ITEM 77;1;30;;272;13;25;395;557;426;129;426;0;;VERMELHO;10;10;VERMELHO
08/02/2025;2025;FEV;PL03;REVENDE;REFRIGERNTE;SODALINE;VIDRO;300 ML;1159450283;PL031159450283;ITEM 78;1;30;;192;9;17;279;392;312;80;312;0;;VERDE;9;9;VERMELHO
08/02/2025;2025;FEV;PL03;REVENDE;REFRIGERNTE;SODALINE;VIDRO;300 ML;2663233735;PL032663233735;ITEM 79;1;30;;95;5;9;138;195;166;28;166;0;;VERMELHO;7;7;VERDE
08/02/2025;2025;FEV;PL03;NÃO FABRICA;REFRIGERNTE;SODALINE;VIDRO;300 ML;;;ITEM 80;4;7,5;;133;6;12;58;136;73;63;;0;;VERMELHO;10;10;AMARELO
08/02/2025;2025;FEV;PL03;REVENDE;QUENTE;FOGUEIRA;PET;450 ML;3866753478;PL033866753478;ITEM 81;1;30;;6.821;311;620;9.923;13.953;11.112;2.841;11.112;0;;VERMELHO;9;9;AMARELO
08/02/2025;2025;FEV;PL03;REVENDE;QUENTE;VAQUEIRO;LATA;350 ML;8133115921;PL038133115921;ITEM 82;1;30;;1.693;77;154;2.462;3.462;2.959;504;2.959;0;;VERMELHO;7;7;VERDE
08/02/2025;2025;FEV;PL03;SOB PEDIDO;QUENTE;BARROSO;VIDRO;900 ML;3;PL033;ITEM 83;1;30;;1.161;53;106;1.688;2.374;1.822;552;1.822;0;;VERMELHO;10;10;AMARELO
08/02/2025;2025;FEV;PL03;SOB PEDIDO;QUENTE;BARROSO;VIDRO;900 ML;3;PL033;ITEM 84;1;30;;1.029;47;94;1.497;2.106;1.673;433;1.673;0;;VERMELHO;9;9;VERMELHO
08/02/2025;2025;FEV;PL03;REVENDE;QUENTE;BARROSO;VIDRO;900 ML;4636082445;PL034636082445;ITEM 85;1;30;;81;4;7;117;166;141;24;141;0;;VERMELHO;7;7;VERMELHO
08/02/2025;2025;FEV;PL03;REVENDE;QUENTE;BARROSO;VIDRO;900 ML;7078745721;PL037078745721;ITEM 86;1;30;;289;12;27;420;591;452;137;452;0;;VERDE;10;10;VERMELHO
08/02/2025;2025;FEV;PL03;REVENDE;QUENTE;CANABRAVA;VIDRO;970 ML;3835769908;PL033835769908;ITEM 87;2;15;;26.069;1.186;2.370;20.144;35.550;24.691;10.858;24.691;0;;VERDE;9;9;AMARELO
08/02/2025;2025;FEV;PL03;FABRICA;CERVEJA;SERRARIA;LATA;269 ML;6417758881;PL036417758881;ITEM 88;1;30;;12.939;588;1.176;18.821;26.468;22.618;3.850;22.618;0;;VERMELHO;7;7;VERDE
08/02/2025;2025;FEV;PL03;FABRICA;CERVEJA;SERRARIA;LATA;350 ML;5401901879;PL035401901879;ITEM 89;2;15;A;58.888;2.676;5.354;45.505;80.303;52.272;28.031;52.272;0;;VERMELHO;10;10;VERDE
08/02/2025;2025;FEV;PL03;FABRICA;CERVEJA;SERRARIA;LATA;473 ML;2697978025;PL032697978025;ITEM 90;1;30;;108.571;4.936;9.870;157.922;222.077;176.858;45.221;176.858;0;;VERMELHO;9;9;VERDE
08/02/2025;2025;FEV;PL03;FABRICA;CERVEJA;CANABRAVA;LATA;269 ML;3016128400;PL033016128400;ITEM 91;1;30;;136;6;13;198;279;238;41;238;0;;VERMELHO;7;7;VERDE
08/02/2025;2025;FEV;PL03;FABRICA;CERVEJA;CANABRAVA;LATA;350 ML;2981524735;PL032981524735;ITEM 92;1;30;A;295;14;27;429;603;463;140;463;0;;VERDE;10;10;VERDE
08/02/2025;2025;FEV;PL03;FABRICA;CERVEJA;CANABRAVA;LATA;473 ML;8363856073;PL038363856073;ITEM 93;1;30;;389;18;35;565;795;633;162;633;0;;AMARELO;9;9;VERDE
08/02/2025;2025;FEV;PL03;SOB PEDIDO;QUENTE;BELA TOSCANA;LATA;473 ML;3731979678;PL033731979678;ITEM 94;1;30;;125;6;11;182;257;219;38;219;0;;AMARELO;7;7;VERMELHO
08/02/2025;2025;FEV;PL03;REVENDE;QUENTE;BELA TOSCANA;LATA;473 ML;1736087243;PL031736087243;ITEM 95;2;15;A;21.142;961;1.922;16.337;28.830;18.766;10.064;18.766;0;;AMARELO;10;10;VERDE
08/02/2025;2025;FEV;PL03;REVENDE;QUENTE;BELA TOSCANA;LATA;269 ML;9546905982;PL039546905982;ITEM 96;1;30;;1.288;59;117;1.874;2.635;2.099;536;2.099;0;;AMARELO;9;9;VERDE
08/02/2025;2025;FEV;PL03;SOB PEDIDO;QUENTE;BELA TOSCANA;LATA;269 ML;9195391827;PL039195391827;ITEM 97;1;30;;59;3;5;85;120;103;18;103;0;;VERDE;7;7;AMARELO
08/02/2025;2025;FEV;PL03;REVENDE;QUENTE;BELA TOSCANA;VIDRO;600 ML;7116603304;PL037116603304;ITEM 98;1;30;A;2.218;100;202;3.225;4.536;3.480;1.055;3.480;0;;AMARELO;10;10;AMARELO
08/02/2025;2025;FEV;PL03;SOB PEDIDO;QUENTE;BELA TOSCANA;VIDRO;600 ML;3845142038;PL033845142038;ITEM 99;1;30;;5.262;239;478;7.654;10.764;8.572;2.192;8.572;0;;AMARELO;9;9;VERDE
08/02/2025;2025;FEV;PL03;DESCONTINUADA;CERVEJA;SERRARIA;VIDRO;300 ML;2780578037;PL032780578037;ITEM 100;1;30;A;120;6;11;174;246;210;36;210;0;;AMARELO;7;7;VERMELHO
08/02/2025;2025;FEV;PL03;DESCONTINUADA;CERVEJA;SERRARIA;VIDRO;300 ML;1412143049;PL031412143049;ITEM 101;1;30;;184;9;17;268;377;288;87;288;0;;AMARELO;10;10;VERMELHO
08/02/2025;2025;FEV;PL03;REVENDE;CERVEJA;SERRARIA;VIDRO;355 ML;1741828898;PL031741828898;ITEM 102;1;30;;304;14;27;442;622;495;127;495;0;;VERDE;9;9;AMARELO
08/02/2025;2025;FEV;PL03;REVENDE;CERVEJA;SERRARIA;VIDRO;355 ML;4708538671;PL034708538671;ITEM 103;1;30;;98;5;9;143;202;172;30;172;0;;VERDE;7;7;VERDE
08/02/2025;2025;FEV;PL03;REVENDE;CERVEJA;CANABRAVA;VIDRO;330 ML;4006681792;PL034006681792;ITEM 104;1;30;;371;17;33;538;757;581;176;581;0;;VERMELHO;10;10;AMARELO
08/02/2025;2025;FEV;PL03;SOB PEDIDO;CERVEJA;CANABRAVA;VIDRO;330 ML;3328385642;PL033328385642;ITEM 105;1;30;;234;11;21;340;478;381;98;381;0;;VERDE;9;9;VERDE
08/02/2025;2025;FEV;PL03;REVENDE;CERVEJA;SERRARIA;VIDRO;600 ML;8105129837;PL038105129837;ITEM 106;1;30;;689;31;63;1.002;1.410;1.205;205;1.205;0;;AMARELO;7;7;AMARELO
08/02/2025;2025;FEV;PL03;REVENDE;CERVEJA;SERRARIA;VIDRO;600 ML;3527812061;PL033527812061;ITEM 107;1;30;;789;36;71;1.146;1.612;1.237;376;1.237;0;;AMARELO;10;10;AMARELO
08/02/2025;2025;FEV;PL03;REVENDE;AGUA;AQUAVIVA;PET;500 ML;8695851904;PL038695851904;ITEM 108;2;15;A;58.706;2.668;5.338;45.364;80.054;55.602;24.451;55.602;0;;VERDE;9;9;VERMELHO
08/02/2025;2025;FEV;PL03;REVENDE;AGUA;AQUAVIVA;PET;500 ML;4163499924;PL034163499924;ITEM 109;2;15;A;109.060;4.958;9.915;84.273;148.719;116.273;32.445;116.273;0;;VERMELHO;7;7;VERDE
08/02/2025;2025;FEV;PL03;REVENDE;AGUA;AQUAVIVA;PET;1,5 LT;9005279137;PL039005279137;ITEM 110;1;30;;5.049;230;459;7.345;10.328;7.924;2.404;7.924;0;;AMARELO;10;10;VERMELHO
08/02/2025;2025;FEV;PL03;REVENDE;AGUA;AQUAVIVA;PET;1,5 LT;3987112098;PL033987112098;ITEM 111;1;30;;2.693;122;245;3.915;5.507;4.385;1.121;4.385;0;;VERDE;9;9;AMARELO
08/02/2025;2025;FEV;PL03;REVENDE;AGUA;AQUAVIVA;COPO;200 ML;5264079426;PL035264079426;ITEM 112;1;30;;226;11;20;330;463;395;67;395;0;;AMARELO;7;7;VERMELHO
08/02/2025;2025;FEV;PL03;REVENDE;AGUA;AQUAVIVA;PET;330 ML;1791135716;PL031791135716;ITEM 113;1;30;;210;10;19;306;431;330;100;330;0;;VERDE;10;10;VERMELHO
08/02/2025;2025;FEV;PL03;REVENDE;AGUA;AQUAVIVA;PET;330 ML;5774479674;PL035774479674;ITEM 114;1;30;;315;14;29;458;643;512;131;512;0;;VERDE;9;9;AMARELO
08/02/2025;2025;FEV;PL04;NÃO FABRICA;ENERGETICO;TURBOX;PET;2LT;2588139986;PL042588139986;ITEM 1;2;15;A;;0;0;0;0;0;0;0;0;;AMARELO;;;VERMELHO
08/02/2025;2025;FEV;PL04;NÃO FABRICA;ENERGETICO;TURBOX;PET;2LT;9797309114;PL049797309114;ITEM 2;2;15;;;0;0;0;0;0;0;0;0;;VERDE;;;AMARELO
08/02/2025;2025;FEV;PL04;NÃO FABRICA;ENERGETICO;TURBOX;PET;2LT;2707536455;PL042707536455;ITEM 3;2;15;;;0;0;0;0;0;0;0;0;;VERMELHO;;;AMARELO
08/02/2025;2025;FEV;PL04;NÃO FABRICA;ENERGETICO;TURBOX;PET;2LT;7815188447;PL047815188447;ITEM 4;2;15;A;;0;0;0;0;0;0;0;0;;VERMELHO;;;VERMELHO
08/02/2025;2025;FEV;PL04;NÃO FABRICA;ENERGETICO;TURBOX;PET;2LT;3940557616;PL043940557616;ITEM 5;2;15;;;0;0;0;0;0;0;0;0;;VERMELHO;;;AMARELO
08/02/2025;2025;FEV;PL04;NÃO FABRICA;ENERGETICO;POTENTAO;PET;2LT;9716897684;PL049716897684;ITEM 6;1;30;;;0;0;0;0;0;0;0;0;;AMARELO;;;AMARELO
08/02/2025;2025;FEV;PL04;NÃO FABRICA;REFRIGERNTE;SODALINE;PET;2LT;7978809320;PL047978809320;ITEM 7;2;15;;;0;0;0;0;0;0;0;0;;AMARELO;;;AMARELO
08/02/2025;2025;FEV;PL04;NÃO FABRICA;REFRIGERNTE;SODALINE;PET;2LT;9196727317;PL049196727317;ITEM 8;2;15;A;;0;0;0;0;0;0;0;0;;AMARELO;;;VERMELHO
08/02/2025;2025;FEV;PL04;NÃO FABRICA;REFRIGERNTE;SODALINE;PET;2LT;8848648876;PL048848648876;ITEM 9;1;30;;;0;0;0;0;0;0;0;0;;VERMELHO;;;AMARELO
08/02/2025;2025;FEV;PL04;NÃO FABRICA;REFRIGERNTE;SODALINE;PET;2LT;7344002978;PL047344002978;ITEM 10;1;30;;;0;0;0;0;0;0;0;0;;VERMELHO;;;VERDE
08/02/2025;2025;FEV;PL04;NÃO FABRICA;REFRIGERNTE;SODALINE;PET;2LT;8534778768;PL048534778768;ITEM 11;2;15;A;;0;0;0;0;0;0;0;0;;AMARELO;;;VERDE
08/02/2025;2025;FEV;PL04;NÃO FABRICA;REFRIGERNTE;SODALINE;PET;2LT;1457178472;PL041457178472;ITEM 12;1;30;;;0;0;0;0;0;0;0;0;;AMARELO;;;VERDE
08/02/2025;2025;FEV;PL04;NÃO FABRICA;REFRIGERNTE;SODALINE;PET;2LT;7714751362;PL047714751362;ITEM 13;2;15;;;0;0;0;0;0;0;0;0;;VERMELHO;;;VERMELHO
08/02/2025;2025;FEV;PL04;NÃO FABRICA;REFRIGERNTE;SODALINE;PET;2LT;8010798193;PL048010798193;ITEM 14;2;15;;;0;0;0;0;0;0;0;0;;VERMELHO;;;VERMELHO
08/02/2025;2025;FEV;PL04;NÃO FABRICA;REFRIGERNTE;SODALINE;PET;2LT;4190845205;PL044190845205;ITEM 15;2;15;;;0;0;0;0;0;0;0;0;;AMARELO;;;VERMELHO
08/02/2025;2025;FEV;PL04;NÃO FABRICA;REFRIGERNTE;DOCELIM;PET;2LT;8283792984;PL048283792984;ITEM 16;2;15;;;0;0;0;0;0;0;0;0;;AMARELO;;;VERDE
08/02/2025;2025;FEV;PL04;NÃO FABRICA;REFRIGERNTE;DOCELIM;PET;2LT;2622948662;PL042622948662;ITEM 17;2;15;;;0;0;0;0;0;0;0;0;;VERDE;;;AMARELO
08/02/2025;2025;FEV;PL04;NÃO FABRICA;REFRIGERNTE;MACIEZ;PET;2LT;9360161055;PL049360161055;ITEM 18;1;30;;;0;0;0;0;0;0;0;0;;VERDE;;;AMARELO
08/02/2025;2025;FEV;PL04;NÃO FABRICA;REFRIGERNTE;MACIEZ;PET;2LT;1087547517;PL041087547517;ITEM 19;1;30;;;0;0;0;0;0;0;0;0;;VERMELHO;;;VERDE
08/02/2025;2025;FEV;PL04;NÃO FABRICA;REFRIGERNTE;SODASHOW;PET;2LT;8992298369;PL048992298369;ITEM 20;1;30;;;0;0;0;0;0;0;0;0;;VERMELHO;;;VERDE
08/02/2025;2025;FEV;PL04;NÃO FABRICA;REFRIGERNTE;SODASHOW;PET;2LT;6793186032;PL046793186032;ITEM 21;1;30;;;0;0;0;0;0;0;0;0;;VERDE;;;VERDE
08/02/2025;2025;FEV;PL04;NÃO FABRICA;REFRIGERNTE;SODALINE;PET;250 ML;1807370283;PL041807370283;ITEM 22;1;30;;;0;0;0;0;0;0;0;0;;AMARELO;;;VERMELHO
08/02/2025;2025;FEV;PL04;NÃO FABRICA;REFRIGERNTE;SODALINE;PET;200 ML;9222646861;PL049222646861;ITEM 23;2;15;;;0;0;0;0;0;0;0;0;;VERDE;;;VERMELHO
08/02/2025;2025;FEV;PL04;NÃO FABRICA;REFRIGERNTE;SODALINE;PET;200 ML;7425247764;PL047425247764;ITEM 24;2;15;A;;0;0;0;0;0;0;0;0;;VERDE;;;VERDE
08/02/2025;2025;FEV;PL04;NÃO FABRICA;REFRIGERNTE;SODALINE;PET;200 ML;8258771884;PL048258771884;ITEM 25;2;15;;;0;0;0;0;0;0;0;0;;AMARELO;;;VERMELHO
08/02/2025;2025;FEV;PL04;NÃO FABRICA;REFRIGERNTE;SODALINE;PET;200 ML;2330175682;PL042330175682;ITEM 26;2;15;A;;0;0;0;0;0;0;0;0;;VERDE;;;VERDE
08/02/2025;2025;FEV;PL04;NÃO FABRICA;REFRIGERNTE;SODALINE;PET;200 ML;1525898319;PL041525898319;ITEM 27;2;15;;;0;0;0;0;0;0;0;0;;VERMELHO;;;AMARELO
08/02/2025;2025;FEV;PL04;NÃO FABRICA;REFRIGERNTE;SODALINE;PET;200 ML;5893949482;PL045893949482;ITEM 28;2;15;;;0;0;0;0;0;0;0;0;;AMARELO;;;VERMELHO
08/02/2025;2025;FEV;PL04;NÃO FABRICA;REFRIGERNTE;SODALINE;PET;200 ML;2416210521;PL042416210521;ITEM 29;2;15;;;0;0;0;0;0;0;0;0;;VERMELHO;;;VERMELHO
08/02/2025;2025;FEV;PL04;NÃO FABRICA;REFRIGERNTE;TAHITI;PET;250 ML;9549145244;PL049549145244;ITEM 30;1;30;;;0;0;0;0;0;0;0;0;;VERDE;;;VERMELHO
08/02/2025;2025;FEV;PL04;NÃO FABRICA;ENERGETICO;TURBOX;PET;250 ML;2064600130;PL042064600130;ITEM 31;2;15;;;0;0;0;0;0;0;0;0;;VERMELHO;;;VERDE
08/02/2025;2025;FEV;PL04;NÃO FABRICA;ENERGETICO;TURBOX;PET;250 ML;5118955799;PL045118955799;ITEM 32;2;15;;;0;0;0;0;0;0;0;0;;VERMELHO;;;AMARELO
08/02/2025;2025;FEV;PL04;NÃO FABRICA;ENERGETICO;TURBOX;PET;250 ML;1659397615;PL041659397615;ITEM 33;2;15;;;0;0;0;0;0;0;0;0;;VERMELHO;;;VERDE
08/02/2025;2025;FEV;PL04;NÃO FABRICA;ENERGETICO;TURBOX;PET;250 ML;9464506045;PL049464506045;ITEM 34;2;15;;;0;0;0;0;0;0;0;0;;VERDE;;;VERDE
08/02/2025;2025;FEV;PL04;NÃO FABRICA;ENERGETICO;TURBOX;PET;250 ML;5146590853;PL045146590853;ITEM 35;2;15;;;0;0;0;0;0;0;0;0;;AMARELO;;;VERMELHO
08/02/2025;2025;FEV;PL04;NÃO FABRICA;ENERGETICO;TURBOX;PET;250 ML;9012911028;PL049012911028;ITEM 36;2;15;;;0;0;0;0;0;0;0;0;;AMARELO;;;AMARELO
08/02/2025;2025;FEV;PL04;NÃO FABRICA;ENERGETICO;TURBOX;PET;250 ML;6940692566;PL046940692566;ITEM 37;2;15;;;0;0;0;0;0;0;0;0;;AMARELO;;;AMARELO
08/02/2025;2025;FEV;PL04;NÃO FABRICA;QUENTE;BRUSK;PET;270 ML;7363228088;PL047363228088;ITEM 38;1;30;;;0;0;0;0;0;0;0;0;;AMARELO;;;AMARELO
08/02/2025;2025;FEV;PL04;NÃO FABRICA;QUENTE;BRUSK;PET;270 ML;7423004876;PL047423004876;ITEM 39;1;30;;;0;0;0;0;0;0;0;0;;AMARELO;;;VERMELHO
08/02/2025;2025;FEV;PL04;NÃO FABRICA;QUENTE;BRUSK;PET;270 ML;5529128084;PL045529128084;ITEM 40;1;30;;;0;0;0;0;0;0;0;0;;AMARELO;;;AMARELO
08/02/2025;2025;FEV;PL04;NÃO FABRICA;REFRIGERNTE;SODALINE;PET;2,5 LT;6850037038;PL046850037038;ITEM 41;1;30;;;0;0;0;0;0;0;0;0;;VERDE;;;VERMELHO
08/02/2025;2025;FEV;PL04;NÃO FABRICA;REFRIGERNTE;SODALINE;PET;2,5 LT;3653845355;PL043653845355;ITEM 42;1;30;;;0;0;0;0;0;0;0;0;;VERDE;;;VERMELHO
08/02/2025;2025;FEV;PL04;NÃO FABRICA;REFRIGERNTE;SODALINE;PET;2,5 LT;8787943262;PL048787943262;ITEM 43;1;30;;;0;0;0;0;0;0;0;0;;VERMELHO;;;VERMELHO
08/02/2025;2025;FEV;PL04;NÃO FABRICA;REFRIGERNTE;SODALINE;PET;3 LT;8058602145;PL048058602145;ITEM 44;1;30;;;0;0;0;0;0;0;0;0;;VERDE;;;VERMELHO
08/02/2025;2025;FEV;PL04;NÃO FABRICA;REFRIGERNTE;SODALINE;PET;3 LT;9421083949;PL049421083949;ITEM 45;1;30;;;0;0;0;0;0;0;0;0;;AMARELO;;;VERDE
08/02/2025;2025;FEV;PL04;NÃO FABRICA;REFRIGERNTE;SODALINE;PET;3 LT;1668828112;PL041668828112;ITEM 46;1;30;;;0;0;0;0;0;0;0;0;;VERMELHO;;;VERMELHO
08/02/2025;2025;FEV;PL04;NÃO FABRICA;REFRIGERNTE;SODALINE;PET;500 ML;7584409324;PL047584409324;ITEM 47;1;30;;;0;0;0;0;0;0;0;0;;VERDE;;;AMARELO
08/02/2025;2025;FEV;PL04;NÃO FABRICA;REFRIGERNTE;SODALINE;PET;500 ML;5845263097;PL045845263097;ITEM 48;1;30;;;0;0;0;0;0;0;0;0;;VERDE;;;AMARELO
08/02/2025;2025;FEV;PL04;NÃO FABRICA;REFRIGERNTE;SODALINE;PET;500 ML;7582802582;PL047582802582;ITEM 49;1;30;;;0;0;0;0;0;0;0;0;;VERMELHO;;;VERMELHO
08/02/2025;2025;FEV;PL04;NÃO FABRICA;REFRIGERNTE;SODALINE;PET;500 ML;3018051543;PL043018051543;ITEM 50;1;30;;;0;0;0;0;0;0;0;0;;VERDE;;;VERMELHO
08/02/2025;2025;FEV;PL04;NÃO FABRICA;ENERGETICO;TURBOX;PET;1 LT;9299321571;PL049299321571;ITEM 51;1;30;;;0;0;0;0;0;0;0;0;;VERDE;;;VERMELHO
08/02/2025;2025;FEV;PL04;NÃO FABRICA;ENERGETICO;TURBOX;LATA;473 ML;2649415771;PL042649415771;ITEM 52;1;30;A;;0;0;0;0;0;0;0;0;;VERDE;;;VERDE
08/02/2025;2025;FEV;PL04;NÃO FABRICA;ENERGETICO;TURBOX;LATA;473 ML;9835795111;PL049835795111;ITEM 53;1;30;;;0;0;0;0;0;0;0;0;;VERDE;;;VERDE
08/02/2025;2025;FEV;PL04;NÃO FABRICA;ENERGETICO;TURBOX;LATA;473 ML;8443256885;PL048443256885;ITEM 54;1;30;;;0;0;0;0;0;0;0;0;;AMARELO;;;AMARELO
08/02/2025;2025;FEV;PL04;NÃO FABRICA;ENERGETICO;TURBOX;LATA;473 ML;6765237355;PL046765237355;ITEM 55;1;30;;;0;0;0;0;0;0;0;0;;VERMELHO;;;AMARELO
08/02/2025;2025;FEV;PL04;NÃO FABRICA;ENERGETICO;TURBOX;LATA;473 ML;7963279264;PL047963279264;ITEM 56;1;30;A;;0;0;0;0;0;0;0;0;;AMARELO;;;AMARELO
08/02/2025;2025;FEV;PL04;NÃO FABRICA;ENERGETICO;TURBOX;LATA;473 ML;6154742843;PL046154742843;ITEM 57;1;30;A;;0;0;0;0;0;0;0;0;;AMARELO;;;VERMELHO
08/02/2025;2025;FEV;PL04;NÃO FABRICA;ENERGETICO;TURBOX;LATA;473 ML;6281449766;PL046281449766;ITEM 58;1;30;;;0;0;0;0;0;0;0;0;;AMARELO;;;VERDE
08/02/2025;2025;FEV;PL04;NÃO FABRICA;ENERGETICO;TURBOX;LATA;473 ML;1856517883;PL041856517883;ITEM 59;1;30;;;0;0;0;0;0;0;0;0;;VERDE;;;VERDE
08/02/2025;2025;FEV;PL04;NÃO FABRICA;ENERGETICO;TURBOX;LATA;473 ML;7550620484;PL047550620484;ITEM 60;1;30;;;0;0;0;0;0;0;0;0;;AMARELO;;;VERDE
08/02/2025;2025;FEV;PL04;NÃO FABRICA;ENERGETICO;TURBOX;LATA;269 ML;3599677500;PL043599677500;ITEM 61;1;30;;;0;0;0;0;0;0;0;0;;AMARELO;;;VERMELHO
08/02/2025;2025;FEV;PL04;NÃO FABRICA;ENERGETICO;TURBOX;LATA;269 ML;4145037849;PL044145037849;ITEM 62;1;30;;;0;0;0;0;0;0;0;0;;VERDE;;;VERDE
08/02/2025;2025;FEV;PL04;NÃO FABRICA;ENERGETICO;TURBOX;LATA;269 ML;6183801253;PL046183801253;ITEM 63;1;30;;;0;0;0;0;0;0;0;0;;AMARELO;;;AMARELO
08/02/2025;2025;FEV;PL04;NÃO FABRICA;ENERGETICO;TURBOX;LATA;269 ML;8392419689;PL048392419689;ITEM 64;1;30;;;0;0;0;0;0;0;0;0;;VERDE;;;VERMELHO
08/02/2025;2025;FEV;PL04;NÃO FABRICA;ENERGETICO;TURBOX;LATA;269 ML;9210460288;PL049210460288;ITEM 65;1;30;;;0;0;0;0;0;0;0;0;;AMARELO;;;VERMELHO
08/02/2025;2025;FEV;PL04;NÃO FABRICA;ENERGETICO;TURBOX;LATA;269 ML;4755559747;PL044755559747;ITEM 66;1;30;;;0;0;0;0;0;0;0;0;;VERDE;;;VERDE
08/02/2025;2025;FEV;PL04;NÃO FABRICA;ENERGETICO;TURBOX;LATA;269 ML;6407207547;PL046407207547;ITEM 67;1;30;;;0;0;0;0;0;0;0;0;;AMARELO;;;VERMELHO
08/02/2025;2025;FEV;PL04;NÃO FABRICA;REFRIGERNTE;SODALINE;LATA;350 ML;4548643906;PL044548643906;ITEM 68;1;30;;;0;0;0;0;0;0;0;0;;AMARELO;;;VERDE
08/02/2025;2025;FEV;PL04;NÃO FABRICA;REFRIGERNTE;SODALINE;LATA;350 ML;2884791889;PL042884791889;ITEM 69;1;30;;;0;0;0;0;0;0;0;0;;VERDE;;;AMARELO
08/02/2025;2025;FEV;PL04;NÃO FABRICA;REFRIGERNTE;SODALINE;LATA;350 ML;6755521824;PL046755521824;ITEM 70;1;30;;;0;0;0;0;0;0;0;0;;VERMELHO;;;AMARELO
08/02/2025;2025;FEV;PL04;NÃO FABRICA;REFRIGERNTE;SODALINE;LATA;350 ML;9861930733;PL049861930733;ITEM 71;1;30;;;0;0;0;0;0;0;0;0;;VERDE;;;AMARELO
08/02/2025;2025;FEV;PL04;NÃO FABRICA;REFRIGERNTE;SODALINE;LATA;350 ML;7882834728;PL047882834728;ITEM 72;1;30;;;0;0;0;0;0;0;0;0;;AMARELO;;;AMARELO
08/02/2025;2025;FEV;PL04;NÃO FABRICA;REFRIGERNTE;SODALINE;VIDRO;300 ML;6568983298;PL046568983298;ITEM 73;2;15;A;;0;0;0;0;0;0;0;0;;VERDE;;;AMARELO
08/02/2025;2025;FEV;PL04;NÃO FABRICA;REFRIGERNTE;SODALINE;VIDRO;300 ML;3229004422;PL043229004422;ITEM 74;1;30;A;;0;0;0;0;0;0;0;0;;VERDE;;;VERDE
08/02/2025;2025;FEV;PL04;NÃO FABRICA;REFRIGERNTE;SODALINE;VIDRO;300 ML;5852722022;PL045852722022;ITEM 75;1;30;;;0;0;0;0;0;0;0;0;;AMARELO;;;AMARELO
08/02/2025;2025;FEV;PL04;NÃO FABRICA;REFRIGERNTE;SODALINE;VIDRO;300 ML;7978043858;PL047978043858;ITEM 76;1;30;;;0;0;0;0;0;0;0;0;;VERDE;;;VERMELHO
08/02/2025;2025;FEV;PL04;NÃO FABRICA;REFRIGERNTE;SODALINE;VIDRO;300 ML;2762528070;PL042762528070;ITEM 77;1;30;;;0;0;0;0;0;0;0;0;;AMARELO;;;AMARELO
08/02/2025;2025;FEV;PL04;NÃO FABRICA;REFRIGERNTE;SODALINE;VIDRO;300 ML;1159450283;PL041159450283;ITEM 78;1;30;;;0;0;0;0;0;0;0;0;;VERDE;;;VERDE
08/02/2025;2025;FEV;PL04;NÃO FABRICA;REFRIGERNTE;SODALINE;VIDRO;300 ML;2663233735;PL042663233735;ITEM 79;1;30;;;0;0;0;0;0;0;0;0;;AMARELO;;;AMARELO
08/02/2025;2025;FEV;PL04;NÃO FABRICA;REFRIGERNTE;SODALINE;VIDRO;300 ML;;;ITEM 80;4;7,5;;;0;0;0;0;0;0;0;0;;AMARELO;;;VERDE
08/02/2025;2025;FEV;PL04;NÃO FABRICA;QUENTE;FOGUEIRA;PET;450 ML;3866753478;PL043866753478;ITEM 81;1;30;;;0;0;0;0;0;0;0;0;;AMARELO;;;AMARELO
08/02/2025;2025;FEV;PL04;NÃO FABRICA;QUENTE;VAQUEIRO;LATA;350 ML;8133115921;PL048133115921;ITEM 82;1;30;;;0;0;0;0;0;0;0;0;;VERDE;;;VERMELHO
08/02/2025;2025;FEV;PL04;NÃO FABRICA;QUENTE;BARROSO;VIDRO;900 ML;3;PL043;ITEM 83;1;30;;;0;0;0;0;0;0;0;0;;VERDE;;;VERMELHO
08/02/2025;2025;FEV;PL04;NÃO FABRICA;QUENTE;BARROSO;VIDRO;900 ML;3;PL043;ITEM 84;1;30;;;0;0;0;0;0;0;0;0;;AMARELO;;;VERDE
08/02/2025;2025;FEV;PL04;NÃO FABRICA;QUENTE;BARROSO;VIDRO;900 ML;4636082445;PL044636082445;ITEM 85;1;30;;;0;0;0;0;0;0;0;0;;VERDE;;;VERMELHO
08/02/2025;2025;FEV;PL04;NÃO FABRICA;QUENTE;BARROSO;VIDRO;900 ML;7078745721;PL047078745721;ITEM 86;1;30;;;0;0;0;0;0;0;0;0;;AMARELO;;;VERMELHO
08/02/2025;2025;FEV;PL04;NÃO FABRICA;QUENTE;CANABRAVA;VIDRO;970 ML;3835769908;PL043835769908;ITEM 87;2;15;;;0;0;0;0;0;0;0;0;;VERDE;;;VERDE
08/02/2025;2025;FEV;PL04;NÃO FABRICA;CERVEJA;SERRARIA;LATA;269 ML;6417758881;PL046417758881;ITEM 88;1;30;;;0;0;0;0;0;0;0;0;;AMARELO;;;VERDE
08/02/2025;2025;FEV;PL04;NÃO FABRICA;CERVEJA;SERRARIA;LATA;350 ML;5401901879;PL045401901879;ITEM 89;2;15;A;;0;0;0;0;0;0;0;0;;VERDE;;;VERDE
08/02/2025;2025;FEV;PL04;NÃO FABRICA;CERVEJA;SERRARIA;LATA;473 ML;2697978025;PL042697978025;ITEM 90;1;30;;;0;0;0;0;0;0;0;0;;VERMELHO;;;VERMELHO
08/02/2025;2025;FEV;PL04;NÃO FABRICA;CERVEJA;CANABRAVA;LATA;269 ML;3016128400;PL043016128400;ITEM 91;1;30;;;0;0;0;0;0;0;0;0;;AMARELO;;;VERDE
08/02/2025;2025;FEV;PL04;NÃO FABRICA;CERVEJA;CANABRAVA;LATA;350 ML;2981524735;PL042981524735;ITEM 92;1;30;A;;0;0;0;0;0;0;0;0;;AMARELO;;;AMARELO
08/02/2025;2025;FEV;PL04;NÃO FABRICA;CERVEJA;CANABRAVA;LATA;473 ML;8363856073;PL048363856073;ITEM 93;1;30;;;0;0;0;0;0;0;0;0;;AMARELO;;;AMARELO
08/02/2025;2025;FEV;PL04;NÃO FABRICA;QUENTE;BELA TOSCANA;LATA;473 ML;3731979678;PL043731979678;ITEM 94;1;30;;;0;0;0;0;0;0;0;0;;VERDE;;;VERDE
08/02/2025;2025;FEV;PL04;NÃO FABRICA;QUENTE;BELA TOSCANA;LATA;473 ML;1736087243;PL041736087243;ITEM 95;2;15;A;;0;0;0;0;0;0;0;0;;VERMELHO;;;AMARELO
08/02/2025;2025;FEV;PL04;NÃO FABRICA;QUENTE;BELA TOSCANA;LATA;269 ML;9546905982;PL049546905982;ITEM 96;1;30;;;0;0;0;0;0;0;0;0;;VERMELHO;;;VERDE
08/02/2025;2025;FEV;PL04;NÃO FABRICA;QUENTE;BELA TOSCANA;LATA;269 ML;9195391827;PL049195391827;ITEM 97;1;30;;;0;0;0;0;0;0;0;0;;VERDE;;;VERDE
08/02/2025;2025;FEV;PL04;NÃO FABRICA;QUENTE;BELA TOSCANA;VIDRO;600 ML;7116603304;PL047116603304;ITEM 98;1;30;A;;0;0;0;0;0;0;0;0;;VERMELHO;;;VERDE
08/02/2025;2025;FEV;PL04;NÃO FABRICA;QUENTE;BELA TOSCANA;VIDRO;600 ML;3845142038;PL043845142038;ITEM 99;1;30;;;0;0;0;0;0;0;0;0;;VERMELHO;;;AMARELO
08/02/2025;2025;FEV;PL04;NÃO FABRICA;CERVEJA;SERRARIA;VIDRO;300 ML;2780578037;PL042780578037;ITEM 100;1;30;A;;0;0;0;0;0;0;0;0;;AMARELO;;;VERMELHO
08/02/2025;2025;FEV;PL04;NÃO FABRICA;CERVEJA;SERRARIA;VIDRO;300 ML;1412143049;PL041412143049;ITEM 101;1;30;;;0;0;0;0;0;0;0;0;;VERDE;;;AMARELO
08/02/2025;2025;FEV;PL04;NÃO FABRICA;CERVEJA;SERRARIA;VIDRO;355 ML;1741828898;PL041741828898;ITEM 102;1;30;;;0;0;0;0;0;0;0;0;;AMARELO;;;VERMELHO
08/02/2025;2025;FEV;PL04;NÃO FABRICA;CERVEJA;SERRARIA;VIDRO;355 ML;4708538671;PL044708538671;ITEM 103;1;30;;;0;0;0;0;0;0;0;0;;VERMELHO;;;VERDE
08/02/2025;2025;FEV;PL04;NÃO FABRICA;CERVEJA;CANABRAVA;VIDRO;330 ML;4006681792;PL044006681792;ITEM 104;1;30;;;0;0;0;0;0;0;0;0;;AMARELO;;;VERMELHO
08/02/2025;2025;FEV;PL04;NÃO FABRICA;CERVEJA;CANABRAVA;VIDRO;330 ML;3328385642;PL043328385642;ITEM 105;1;30;;;0;0;0;0;0;0;0;0;;VERDE;;;VERMELHO
08/02/2025;2025;FEV;PL04;NÃO FABRICA;CERVEJA;SERRARIA;VIDRO;600 ML;8105129837;PL048105129837;ITEM 106;1;30;;;0;0;0;0;0;0;0;0;;AMARELO;;;VERMELHO
08/02/2025;2025;FEV;PL04;NÃO FABRICA;CERVEJA;SERRARIA;VIDRO;600 ML;3527812061;PL043527812061;ITEM 107;1;30;;;0;0;0;0;0;0;0;0;;VERDE;;;AMARELO
08/02/2025;2025;FEV;PL04;FABRICA;AGUA;AQUAVIVA;PET;500 ML;8695851904;PL048695851904;ITEM 108;2;15;A;;0;0;0;0;0;0;0;0;;AMARELO;;;VERMELHO
08/02/2025;2025;FEV;PL04;FABRICA;AGUA;AQUAVIVA;PET;500 ML;4163499924;PL044163499924;ITEM 109;2;15;A;;0;0;0;0;0;0;0;0;;AMARELO;;;VERMELHO
08/02/2025;2025;FEV;PL04;FABRICA;AGUA;AQUAVIVA;PET;1,5 LT;9005279137;PL049005279137;ITEM 110;1;30;;;0;0;0;0;0;0;0;0;;AMARELO;;;AMARELO
08/02/2025;2025;FEV;PL04;FABRICA;AGUA;AQUAVIVA;PET;1,5 LT;3987112098;PL043987112098;ITEM 111;1;30;;;0;0;0;0;0;0;0;0;;AMARELO;;;VERMELHO
08/02/2025;2025;FEV;PL04;FABRICA;AGUA;AQUAVIVA;COPO;200 ML;5264079426;PL045264079426;ITEM 112;1;30;;;0;0;0;0;0;0;0;0;;AMARELO;;;AMARELO
08/02/2025;2025;FEV;PL04;FABRICA;AGUA;AQUAVIVA;PET;330 ML;1791135716;PL041791135716;ITEM 113;1;30;;;0;0;0;0;0;0;0;0;;VERDE;;;VERDE
08/02/2025;2025;FEV;PL04;FABRICA;AGUA;AQUAVIVA;PET;330 ML;5774479674;PL045774479674;ITEM 114;1;30;;;0;0;0;0;0;0;0;0;;VERDE;;;AMARELO
